Price,Close,High,Low,Open,Volume
Ticker,AAPL,AAPL,AAPL,AAPL,AAPL
Date,,,,,
2015-01-02,24.192604064941406,24.659506182275138,23.75446781268404,24.648441478964468,212818400
2015-01-05,23.51105499267578,24.042128572510556,23.325180168263614,23.962467451123523,257142000
2015-01-06,23.513267517089844,23.772165309183304,23.152579204524255,23.575225789908487,263188400
2015-01-07,23.842979431152344,23.94255500406204,23.610634176714214,23.72127445249682,160423600
2015-01-08,24.759077072143555,24.816610479641703,24.053191678114224,24.17047177100101,237458000
2015-01-09,24.785640716552734,25.060028190479436,24.38733495743574,24.931685036070956,214798000
2015-01-12,24.174903869628906,24.922831637875944,24.075328281845096,24.916193490455274,198603200
2015-01-13,24.38953971862793,24.96044387790698,24.099662771315515,24.657288951103045,268367600
2015-01-14,24.29660415649414,24.44928658228224,24.00893877695945,24.12843047207833,195826400
2015-01-15,23.637187957763672,24.35413645717828,23.60178394813456,24.34086016459694,240056000
2015-01-16,23.453523635864258,23.805360567456344,23.27871180910595,23.68365559685356,314053200
2015-01-20,24.05763053894043,24.11295069684335,23.56638726664453,23.86290250265031,199599600
2015-01-21,24.241289138793945,24.57542161180635,23.958048567472943,24.10851943514098,194303600
2015-01-22,24.871931076049805,24.8874206451012,24.278899207996158,24.3983908927797,215185600
2015-01-23,25.000272750854492,25.1706580006503,24.679414998563754,24.849801936595878,185859200
2015-01-26,25.02682876586914,25.305642719304203,24.960445616732773,25.168448176577243,222460000
2015-01-27,24.15056037902832,24.889638333300006,24.126219382172156,24.876360351591465,382274800
2015-01-28,25.51585578918457,26.137655187863214,25.51585578918457,26.029226519367846,585908400
2015-01-29,26.310256958007812,26.374428518206834,25.571179064885065,25.739352750639867,337745600
2015-01-30,25.925230026245117,26.55366597735562,25.856631907802715,26.19961743530487,334982000
2015-02-02,26.250513076782227,26.370004785647765,25.68624864341562,26.122171630877833,250956400
2015-02-03,26.25493621826172,26.352298507154856,26.02480425574212,26.2217437998551,207662800
2015-02-04,26.456302642822266,26.666520183230848,26.179701948787283,26.221745794516334,280598800
2015-02-05,26.6451358795166,26.70956070561401,26.49184916587451,26.662906901105913,168984800
2015-02-06,26.420757293701172,26.714000306189355,26.314122700569396,26.662904175232608,174826400
2015-02-09,26.596261978149414,26.622919358205184,26.30968327825307,26.336342353208384,155559200
2015-02-10,27.10721778869629,27.1360988800661,26.694013099240877,26.69623341788492,248034000
2015-02-11,27.742572784423828,27.75145914200605,27.213847220027088,27.273828015082834,294247200
2015-02-12,28.093576431274414,28.320174313577628,27.895859634991865,28.004714549879026,297898000
2015-02-13,28.23130989074707,28.27573997999538,27.91362983741381,28.27573997999538,217088800
2015-02-17,28.397924423217773,28.631186622082282,28.195763624881966,28.322391239862906,252609600
2015-02-18,28.59564971923828,28.608978410609364,28.313513322619073,28.353501091632044,179566800
2015-02-19,28.53567123413086,28.664520918516914,28.509013847637164,28.542335580754283,149449600
2015-02-20,28.7689208984375,28.7689208984375,28.44679852386642,28.573424443890232,195793600
2015-02-23,29.546464920043945,29.546464920043945,28.804471802520936,28.884447331881436,283896400
2015-02-24,29.362077713012695,29.679759521946426,29.139923834524474,29.5331371485924,276912400
2015-02-25,28.611196517944336,29.235451763904805,28.469018171309017,29.226563710478064,298846800
2015-02-26,28.973312377929688,29.073280958926343,28.12690652779856,28.611200421862183,365150000
2015-02-27,28.53789710998535,29.00664206696128,28.489022971168893,28.880012691900408,248059200
2015-03-02,28.677833557128906,28.942197124526487,28.502333544628584,28.71337897908781,192386800
2015-03-03,28.737825393676758,28.773370827213807,28.455689023399984,28.648965199633246,151265200
2015-03-04,28.55565643310547,28.782254325481713,28.506785701219396,28.680065445448587,126665200
2015-03-05,28.082469940185547,28.602309153184912,27.93806959383036,28.564543404185695,226068400
2015-03-06,28.124675750732422,28.74004114058892,28.049144258829877,28.524551645020985,291368400
2015-03-09,28.24464225769043,28.78447791228204,27.78256181176065,28.426808359176277,354114000
2015-03-10,27.66037368774414,28.262410360171007,27.502644672745152,28.082466301280466,275426400
2015-03-11,27.156091690063477,27.718140774053996,27.127212293835008,27.71369844190335,275756000
2015-03-12,27.64704704284668,27.74701729622156,27.020573228981956,27.171637920724486,193450800
2015-03-13,27.455989837646484,27.858089404925604,27.231615699468243,27.635935584623006,207309200
2015-03-16,27.75812530517578,27.75812530517578,27.296046544920685,27.520420732700014,143497200
2015-03-17,28.222434997558594,28.28463782573203,27.91364117562621,27.969179657195344,204092400
2015-03-18,28.540109634399414,28.693396356113592,28.073586818847133,28.21354315504293,261083600
2015-03-19,28.32461929321289,28.713388577629537,28.302404244511855,28.602311639224784,183238000
2015-03-20,27.969175338745117,28.524558373785165,27.80478193325487,28.491236645908533,274780400
2015-03-23,28.260190963745117,28.402369291693496,28.106904265372904,28.240197930861452,150838800
2015-03-24,28.144670486450195,28.444576136086017,28.115789402561358,28.264633763244095,131369200
2015-03-25,27.409345626831055,28.173555530969583,27.409345626831055,28.11135271456754,206620800
2015-03-26,27.60039710998535,27.74257545518956,27.236064888537122,27.27161032228796,190291600
2015-03-27,27.380462646484375,27.70258505848325,27.304931149287167,27.67370566747833,158184800
2015-03-30,28.073583602905273,28.080247947451227,27.547078350082643,27.558186720925512,188398800
2015-03-31,27.642610549926758,28.10024705323261,27.62705984432607,28.0113851519859,168362400
2015-04-01,27.602615356445312,27.795889812565672,27.347138094649253,27.729242980827802,162485600
2015-04-02,27.84031105041504,27.893627481910805,27.58927789451111,27.7758862521957,128880400
2015-04-06,28.291296005249023,28.32684143925686,27.620392039897094,27.65149344720416,148776000
2015-04-07,27.993606567382812,28.462349622438023,27.98694222319662,28.3557167256603,140049200
2015-04-08,27.90252685546875,28.08025063657794,27.762570521902486,27.958065325202924,149316800
2015-04-09,28.11579132080078,28.1202353470404,27.693700352605102,27.9580622872825,129936000
2015-04-10,28.235761642456055,28.260198708165728,27.826999261312125,27.980284306791184,160752000
2015-04-13,28.180219650268555,28.56232629417243,28.126903193051565,28.51789280584231,145460400
2015-04-14,28.058034896850586,28.27796675701111,27.971395021790396,28.213541930317717,102098400
2015-04-15,28.1646728515625,28.242426382222547,27.9936150841104,28.082476988393246,115881600
2015-04-16,28.029155731201172,28.235758915493303,28.01582704024673,28.053592794550752,113476000
2015-04-17,27.713693618774414,28.022487343944757,27.64926879695406,27.891417382065,207828000
2015-04-20,28.346834182739258,28.46235345227572,27.80700019732746,27.8958620865322,188217200
2015-04-21,28.193552017211914,28.480129054206348,28.14023386134807,28.457915698279347,129740400
2015-04-22,28.57342529296875,28.628963751952003,28.062472487262376,28.21131515056167,150618000
2015-04-23,28.806690216064453,28.973305608731458,28.466795086207675,28.502340516861693,183083600
2015-04-24,28.942211151123047,29.019966375616807,28.70894886744142,28.988864963779235,178103600
2015-04-27,29.468713760375977,29.57535007404952,29.135482907195097,29.393182247206862,387816800
2015-04-28,29.00441551208496,29.88858717244409,28.78448529879101,29.87081784170909,475696000
2015-04-29,28.57787322998047,29.233226457714377,28.502341728977694,28.915548055956197,253544400
2015-04-30,27.802560806274414,28.57787743942009,27.675933151606497,28.57787743942009,332781600
2015-05-01,28.646739959716797,28.908883280787258,27.835879715578056,28.013601789062115,234050400
2015-05-04,28.59120750427246,29.006637620531052,28.49345924162338,28.768931310016274,203953200
2015-05-05,27.946956634521484,28.53566301536573,27.942512608119188,28.46901617852702,197085600
2015-05-06,27.771451950073242,28.157999156225962,27.404897775923576,28.11578938435379,288564000
2015-05-07,27.94322967529297,28.126156702399538,27.66660698885533,27.833918356403263,175763600
2015-05-08,28.46969985961914,28.46969985961914,28.132845865882516,28.260002423494758,222201600
2015-05-11,28.179689407348633,28.456310328431748,28.025762439836637,28.418386835617703,168143200
2015-05-12,28.079309463500977,28.304620877619083,27.845072870312944,28.01907641863355,192640000
2015-05-13,28.11054039001465,28.373777003589282,28.079309071622678,28.141771708406623,138776800
2015-05-14,28.766403198242188,28.766403198242188,28.367088193902088,28.422858655086724,180814000
2015-05-15,28.726247787475586,28.886866975073346,28.601322509112556,28.793173016301076,152832000
2015-05-18,29.043020248413086,29.161253330755034,28.63478014366407,28.639242732797204,203531600
2015-05-19,29.016260147094727,29.196955915182777,28.92033317398627,29.154569815713398,178532800
2015-05-20,29.01402473449707,29.219259627089205,28.85340553091038,29.000640368191327,145819600
2015-05-21,29.310728073120117,29.364268949738317,28.962720885000174,29.016261761618374,158921600
2015-05-22,29.56725311279297,29.663180033616797,29.312940058548296,29.357559130907642,182384000
2015-05-26,28.91586685180664,29.649808007569362,28.804325932422774,29.58065318218476,282790400
2015-05-27,29.455718994140625,29.504797261823935,29.01178839640263,29.076480619826217,183332800
2015-05-28,29.39772605895996,29.435649565163274,29.246032034146715,29.415573015518973,122933200
2015-05-29,29.06310272216797,29.324108074389464,28.978330531136447,29.275029795787933,203538000
2015-06-01,29.121095657348633,29.310716542310313,29.01178775769887,29.063095616798922,128451200
2015-06-02,28.991716384887695,29.147872986498268,28.848944148563945,28.96940684010392,134670400
2015-06-03,29.027406692504883,29.210335427396807,28.978328417483077,29.147872787179708,123934000
2015-06-04,28.857868194580078,29.130028323353766,28.75748204307215,28.906946473798865,153800400
2015-06-05,28.699474334716797,28.93148133012239,28.634782105665426,28.889095240348773,142507200
2015-06-08,28.509855270385742,28.824401431399306,28.293465647897676,28.75524321274129,210699200
2015-06-09,28.425085067749023,28.572319885753103,28.02353881333458,28.26446588519156,224301600
2015-06-10,28.75078582763672,28.853401557823254,28.521010125158224,28.536625784357813,156349200
2015-06-11,28.68609046936035,29.04078974685961,28.661551332957096,28.817707926451256,141563600
2015-06-12,28.369314193725586,28.6280899177964,28.35592982936992,28.596858599647057,147544800
2015-06-15,28.31355094909668,28.3849370804693,28.043622086657102,28.130623881080616,175955600
2015-06-16,28.465240478515625,28.521010934665533,28.190850787366475,28.338083906573015,125976400
2015-06-17,28.398313522338867,28.52769967147499,28.273386558306026,28.492007468879212,131672400
2015-06-18,28.527700424194336,28.62362566779641,28.38046731888597,28.382698613475533,141628800
2015-06-19,28.242156982421875,28.51431706464247,28.1975413009342,28.489777929230502,218867600
2015-06-22,28.46747589111328,28.567862045912186,28.34924277928984,28.440705455576474,136157200
2015-06-23,28.338083267211914,28.467471131035477,28.304620653881102,28.438471107204354,121075600
2015-06-24,28.57901382446289,28.956022667693063,28.358163285862766,28.378239833926724,221123600
2015-06-25,28.44293212890625,28.822170543166646,28.44293212890625,28.746323541106253,127752400
2015-06-26,28.275623321533203,28.552244327572282,28.22208415629518,28.480858206595123,176267200
2015-06-29,27.780376434326172,28.213155673337432,27.76922336545233,27.987842577545283,196645600
2015-06-30,27.98115348815918,28.13508049264948,27.85399691548697,28.012384807623985,177482800
2015-07-01,28.242156982421875,28.3180056833259,28.106076941311578,28.309082206632535,120955200
2015-07-02,28.20646858215332,28.26223904252488,28.05700245485321,28.20423728718423,108844000
2015-07-06,28.108314514160156,28.159624091112555,27.851770033357234,27.871848285896704,112241600
2015-07-07,28.039159774780273,28.141777227045775,27.6108413063066,28.083775466381088,187787200
2015-07-08,27.343137741088867,27.804917025746732,27.33644555901804,27.769224820709265,243046400
2015-07-09,26.78542709350586,27.675522847273484,26.59580793621404,27.628675881494008,314380000
2015-07-10,27.50153160095215,27.628688193870396,27.039752215935398,27.202602723627663,245418000
2015-07-13,28.032461166381836,28.05476900706943,27.733530654834784,27.8919185362896,165762000
2015-07-14,28.021310806274414,28.190853485752687,27.894154222160562,28.117236068113243,127072400
2015-07-15,28.291236877441406,28.364854287903665,28.014615891982935,28.045847211213122,134596800
2015-07-16,28.668245315551758,28.68163308494207,28.40947127265685,28.49647305192128,144889600
2015-07-17,28.91586685180664,28.91586685180664,28.623630187654307,28.795404156613902,184658800
2015-07-20,29.462421417236328,29.663193719656736,29.156796969560496,29.217030021870166,235600800
2015-07-21,29.167949676513672,29.652036845843874,29.07202612218513,29.636422887586065,307025600
2015-07-22,27.934309005737305,27.99677165024984,27.213753894871886,27.213753894871886,461802400
2015-07-23,27.920923233032227,28.351469539872234,27.898613687990725,28.15292684325403,203998000
2015-07-24,27.773683547973633,28.050304497921413,27.639834811029807,27.95661055225864,168649200
2015-07-27,27.38775062561035,27.57514021435014,27.242748823607876,27.45913673037337,177822000
2015-07-28,27.52383804321289,27.642072853388193,27.33868140119759,27.52383804321289,134472400
2015-07-29,27.43682861328125,27.550600801647835,27.27620945369995,27.47252251628997,148046800
2015-07-30,27.298524856567383,27.343140542930758,27.151290028005434,27.28737008398687,134513200
2015-07-31,27.059825897216797,27.3587547240426,26.972824122126944,27.34983124685656,171540000
2015-08-03,26.42180824279785,27.343135439891377,26.216571698683264,27.104437988238725,279904000
2015-08-04,25.574100494384766,26.256730339924655,25.26401689121604,26.194267700722214,496554400
2015-08-05,25.74364471435547,26.19873187286403,25.00747396047822,25.197093184361943,397250400
2015-08-06,25.799665451049805,26.10667156042228,25.57333416463095,25.98790328524178,211612000
2015-08-07,25.887062072753906,26.05064970055352,25.658489382480674,25.676417121630855,154681600
2015-08-10,26.828245162963867,26.888749139404773,26.113392450836592,26.113392450836592,219806400
2015-08-11,25.432147979736328,26.483137832237208,25.39629422295805,26.40022334830816,388331200
2015-08-12,25.824317932128906,25.864654492306865,24.567163801213194,25.217029844221,404870000
2015-08-13,25.804147720336914,26.084262216411602,25.66745170947781,26.003589104767435,194143200
2015-08-14,25.985658645629883,26.06409035438125,25.548680761384396,25.618148602038033,171718000
2015-08-17,26.25457000732422,26.364374401449012,25.88257716849709,26.003586825355924,163538800
2015-08-18,26.106674194335938,26.317320867981202,25.99686977729429,26.09098784904427,138242800
2015-08-19,25.772775650024414,26.111152738404556,25.69882501096786,26.017034675796168,193146000
2015-08-20,25.243921279907227,25.624876349203426,25.015346870582803,25.564372364196007,274006400
2015-08-21,23.699934005737305,25.075856636132986,23.675283786814607,24.74644162842392,513102000
2015-08-24,23.108322143554688,24.381162265078455,20.616423395872122,21.25956678468572,648825200
2015-08-25,23.247264862060547,24.898820765395907,23.19348335039418,24.898820765395907,414406400
2015-08-26,24.58060646057129,24.625424093615674,23.540821644856987,23.997966972895647,387098400
2015-08-27,25.304424285888672,25.37613353297059,24.654558272511903,25.149802236992745,338464400
2015-08-28,25.38733673095703,25.39181781054846,24.995176443904853,25.136353531757695,212657600
2015-08-31,25.26856803894043,25.665209398967942,25.098257952693018,25.104980426809615,224917200
2015-09-01,24.139144897460938,25.071364966794416,24.05847179313516,24.683687496818415,307383600
2015-09-02,25.174449920654297,25.174449920654297,24.455116078463785,24.701618210100655,247555200
2015-09-03,24.732994079589844,25.273054024553623,24.659043430585424,25.20806724600581,212935600
2015-09-04,24.486494064331055,24.750922282105957,24.316185639765518,24.419267594534226,199985200
2015-09-08,25.167724609375,25.223747503944658,24.721782847311772,25.042233872637542,219374400
2015-09-09,24.68368911743164,25.550922481347587,24.59853321856181,25.4926598985961,340043200
2015-09-10,25.225994110107422,25.38509895839421,24.62766988281413,24.710582689709778,251571200
2015-09-11,25.593502044677734,25.593502044677734,25.04447829538313,25.05120076999505,199662000
2015-09-14,25.84000015258789,26.19406526766862,25.73915962308104,26.124597423327597,233453600
2015-09-15,26.057369232177734,26.113392128431876,25.64055874727226,25.978937519358556,173364800
2015-09-16,26.086505889892578,26.115637184543175,25.86913674840091,26.050650410614907,148694000
2015-09-17,25.528518676757812,26.10443411094948,25.48370103358226,25.918439353055795,256450400
2015-09-18,25.423192977905273,25.61367221795262,25.06912952639982,25.14531985467209,297141200
2015-09-21,25.81758689880371,25.85344236693549,25.470246027111912,25.472485711608034,200888000
2015-09-22,25.411985397338867,25.58677655538758,25.21478371364652,25.407502608336912,201384800
2015-09-23,25.618146896362305,25.707783861688494,25.389574258979287,25.463523173916702,143026800
2015-09-24,25.770526885986328,25.882572655055835,25.181166756166522,25.37836669424306,200878000
2015-09-25,25.70555305480957,26.14925527559746,25.550929268678644,26.093232362904647,224607600
2015-09-28,25.19685935974121,25.67417383915858,25.19685935974121,25.51282761803632,208436000
2015-09-29,24.439428329467773,25.436636933681488,24.170519104557986,25.28425458365043,293461600
2015-09-30,24.717308044433594,24.995181193347733,24.365484245585396,24.68817503766251,265892000
2015-10-01,24.55595588684082,24.564919755253936,24.047267039915706,24.441668701677433,255716400
2015-10-02,24.735227584838867,24.876406372152566,24.101049723055393,24.204131643026145,232079200
2015-10-05,24.824867248535156,24.957082181965,24.441670816553575,24.62318446599663,208258800
2015-10-06,24.94363784790039,25.03999731355526,24.598536545547667,24.791255476857412,192787200
2015-10-07,24.824867248535156,25.046717454485915,24.517862849816233,25.03999498001517,187062400
2015-10-08,24.538034439086914,24.692658216897698,24.248956019984966,24.692658216897698,247918400
2015-10-09,25.12514877319336,25.161002537255133,24.535786818714605,24.650074004172488,211064400
2015-10-12,25.008625030517578,25.266330741435645,24.972771259520766,25.261849661192326,121868800
2015-10-13,25.051197052001953,25.1990966005633,24.80245527017863,24.83382795350022,132197200
2015-10-14,24.697134017944336,24.990693454806067,24.55147414198158,24.93915334634247,177849600
2015-10-15,25.066890716552734,25.12067223086072,24.759884557581096,24.858485425215335,150694000
2015-10-16,24.883136749267578,25.098264525754875,24.768849530304966,25.048964089744196,156930400
2015-10-19,25.037752151489258,25.04223323067941,24.67472318849822,24.829346920645275,119036800
2015-10-20,25.49489974975586,25.58453672877438,24.83383023515019,24.95035711109605,195871200
2015-10-21,25.492658615112305,25.900505222254605,25.479211957730133,25.546440115591764,167180800
2015-10-22,25.88258171081543,25.88258171081543,25.56885310571736,25.620394929783124,166616400
2015-10-23,26.684825897216797,26.718439976330387,26.068574048972295,26.151486839811653,237467600
2015-10-26,25.833274841308594,26.471935447301785,25.752601742690196,26.460731895077686,265335200
2015-10-27,25.669694900512695,26.11563673075913,25.544202434904744,25.860172429236382,279537600
2015-10-28,26.727401733398438,26.734125916866574,26.0080679737833,26.203028261965798,342205600
2015-10-29,27.0097599029541,27.045615379108888,26.50331241520856,26.599671870270544,204909200
2015-10-30,26.778953552246094,27.164391483618612,26.767748285296364,27.112849649207018,197461200
2015-11-02,27.155420303344727,27.195756859950347,26.803596557828087,27.070266110369857,128813200
2015-11-03,27.46690559387207,27.673069442414718,27.047853713081217,27.068022844831653,182076000
2015-11-04,27.339176177978516,27.747022836180697,27.254021982418337,27.592399079550855,179544400
2015-11-05,27.21314811706543,27.611489079385166,27.04661097037331,27.422445474300787,158210800
2015-11-06,27.244651794433594,27.41343990989622,27.145630600923205,27.255905022265036,132169200
2015-11-09,27.13437271118164,27.413435200040848,27.01734706004752,27.22214237878253,135485600
2015-11-10,26.279184341430664,26.57175110364436,26.119398460129865,26.308442047852964,236511600
2015-11-11,26.13064956665039,26.4254655769582,25.928103495178785,26.1891632577425,180872000
2015-11-12,26.042879104614258,26.290434643627425,26.02712561714073,26.1644067438392,130102400
2015-11-13,25.282209396362305,26.00912433211974,25.266455906955873,25.925854906970567,183249600
2015-11-16,25.696304321289062,25.70980682190247,24.98064259975126,25.06616129863884,152426800
2015-11-17,25.58601951599121,25.892088663770046,25.502750122977545,25.86283096830532,110467600
2015-11-18,26.396203994750977,26.441213460203453,25.993362926047432,26.05187660473649,186698800
2015-11-19,26.73153305053711,26.949832595551136,26.27693120190066,26.47497528260345,173183200
2015-11-20,26.84856414794922,26.988094560769092,26.747290246352513,26.826057691815596,137148400
2015-11-23,26.499740600585938,26.945342089732687,26.407468917433594,26.84181717600013,129930000
2015-11-24,26.75404167175293,26.85981583506874,26.35795345282768,26.4052139204153,171212800
2015-11-25,26.5627498626709,26.83281189570902,26.53799413338403,26.828309917474165,85553200
2015-11-27,26.51323127746582,26.64826311618977,26.4659708207129,26.62125640504475,52185600
2015-11-30,26.623512268066406,26.873318811641276,26.499733632240492,26.553745347418406,156721200
2015-12-01,26.407461166381836,26.738286131114823,26.299437739327033,26.72478363198333,139409600
2015-12-02,26.16891098022461,26.580754422891076,26.12390149974809,26.407464317353075,133546400
2015-12-03,25.92584991455078,26.283681557878825,25.70530110533081,26.229669849886356,166278000
2015-12-04,26.787797927856445,26.837309381309492,25.90559915524301,25.946108370159006,231108000
2015-12-07,26.61901092529297,26.97459163578406,26.513236764336625,26.776547530739133,128336800
2015-12-08,26.60776710510254,26.69103483434745,26.29944677202807,26.447979464493212,137238000
2015-12-09,26.020383834838867,26.48623909619344,25.898856151398284,26.474985865188913,185445600
2015-12-10,26.144153594970703,26.317443689533036,25.995620945204504,26.114897606214114,116850800
2015-12-11,25.471248626708984,25.96861066941635,25.396981453503482,25.923601197959165,187544800
2015-12-14,25.313720703125,25.35873018692822,24.708333359061726,25.246204760418422,257274800
2015-12-15,24.865863800048828,25.385732344645458,24.834356823649205,25.192188508475535,213292400
2015-12-16,25.057157516479492,25.203440893124053,24.48552994368631,24.99639455045869,224954000
2015-12-17,24.526037216186523,25.261952585008626,24.526037216186523,25.210190144944047,179091200
2015-12-18,23.86212921142578,24.64755579759612,23.8126177748934,24.510276428575686,385813200
2015-12-21,24.154699325561523,24.16370156231571,23.75860949338291,24.14344610036852,190362400
2015-12-22,24.132198333740234,24.242472746324506,23.95665726531862,24.17045655812642,131157600
2015-12-23,24.442771911621094,24.496783632553132,24.125449402516853,24.141202892663767,130629600
2015-12-24,24.31223487854004,24.530534404381786,24.294230404511595,24.530534404381786,54281600
2015-12-28,24.03993034362793,24.235725189970832,23.895897945284286,24.213218732665815,106816800
2015-12-29,24.472023010253906,24.627308608515364,24.04892813303589,24.07143286917491,123724800
2015-12-30,24.15245819091797,24.463027759139525,24.120951207924556,24.436022754860485,100855200
2015-12-31,23.6888484954834,24.087187669568237,23.58982559067075,24.082687408895573,163649200
2016-01-04,23.709104537963867,23.71360651607352,22.955184602744627,23.09246574606234,270597600
2016-01-05,23.114965438842773,23.821624751632932,23.0474512349527,23.799120017002906,223164000
2016-01-06,22.662616729736328,23.0384529014461,22.475825855355314,22.63110975251536,273829600
2016-01-07,21.706151962280273,22.534339089007176,21.70165170114115,22.208016070870872,324377600
2016-01-08,21.820926666259766,22.30478625858172,21.775917190369956,22.178758352489098,283192000
2016-01-11,22.17425537109375,22.293532022104593,21.906444365766593,22.273278273971293,198957600
2016-01-12,22.49608039855957,22.66036825729513,22.244022854897278,22.628861278962535,196616800
2016-01-13,21.91770362854004,22.772897603259665,21.89744987482916,22.577102732378627,249758400
2016-01-14,22.39705467224121,22.61310494938619,21.546362930112668,22.045975976632942,252680400
2016-01-15,21.859188079833984,21.989717982749493,21.460848837421395,21.649890724125214,319335600
2016-01-19,21.753416061401367,22.201266773710493,21.492356250325585,22.14725505028168,212350800
2016-01-20,21.78266716003418,22.097738623752576,21.024245345147918,21.402330758209725,289337600
2016-01-21,21.672393798828125,22.02797277549586,21.366324558328266,21.843431179047542,208646000
2016-01-22,22.82465171813965,22.83365395617753,22.138247808514276,22.196759780258493,263202000
2016-01-25,22.37904930114746,22.849404590131204,22.327286868143908,22.847153601652497,207178000
2016-01-26,22.502830505371094,22.703125593310077,22.07073335276125,22.48932800591499,300308000
2016-01-27,21.024248123168945,21.746661081313626,21.006243644691438,21.61388191579554,533478800
2016-01-28,21.175037384033203,21.27180933526747,20.79245155841048,21.10752314733615,222715200
2016-01-29,21.906452178955078,21.906452178955078,21.23355051795154,21.332573456146754,257666000
2016-02-01,21.701650619506836,21.764664574323376,21.46984854985964,21.710652858337983,163774000
2016-02-02,21.262802124023438,21.613880852048318,21.217790930044938,21.474348726217194,149428800
2016-02-03,21.683643341064453,21.79391774774974,21.17277880164377,21.379825117012427,183857200
2016-02-04,21.857873916625977,22.023053229116783,21.5388313080044,21.69043312718145,185886800
2016-02-05,21.274091720581055,21.930280836238957,21.19942327595188,21.839771695058854,185672400
2016-02-08,21.49810218811035,21.654228686840714,21.052346092950472,21.072709743355976,216085600
2016-02-09,21.493574142456055,21.7085335517024,21.253726404495982,21.33518445254245,177324800
2016-02-10,21.33066177368164,21.801307972120107,21.292195946026556,21.7040109380806,169374400
2016-02-11,21.201688766479492,21.432487206495896,20.95052667215973,21.222054147101463,200298800
2016-02-12,21.26729965209961,21.382698827553845,21.045554112477838,21.312555076943397,161405600
2016-02-16,21.866920471191406,21.914437372145343,21.40758870231874,21.50035930142369,196231600
2016-02-17,22.20180892944336,22.222172580506005,21.75605281989877,21.87371349855906,179452800
2016-02-18,21.78093719482422,22.3760317691853,21.742469653434018,22.364717481779145,156084000
2016-02-19,21.73116111755371,21.894077218998742,21.676856325844767,21.722110031215855,141496800
2016-02-22,21.921226501464844,21.925752907328235,21.704005630608744,21.792251555446594,137123200
2016-02-23,21.425691604614258,21.83524328373193,21.39401366956195,21.81261643388285,127770400
2016-02-24,21.744735717773438,21.808091592422585,21.115699924731025,21.265040251819542,145022800
2016-02-25,21.894081115722656,21.894081115722656,21.552409882510005,21.733428188848517,110330800
2016-02-26,21.928016662597656,22.17917695216546,21.853346500833084,21.993634012407416,115964400
2016-02-29,21.878238677978516,22.226697740378793,21.86918759146339,21.916704500929125,140865200
2016-03-01,22.74712562561035,22.801430426399506,22.04341951361982,22.095462837185025,201628400
2016-03-02,22.796897888183594,22.828575821585314,22.545735897414303,22.74259310611177,132678400
2016-03-03,22.96660804748535,23.01412496042539,22.72902175646678,22.75843822137135,147822800
2016-03-04,23.30828094482422,23.475721753965253,22.937194975204367,23.163466992110056,184220400
2016-03-07,23.05033302307129,23.267553971361494,22.844424640836174,23.167993722692326,143315600
2016-03-08,22.860260009765625,23.02543933025596,22.717709270454677,22.803692009453894,126247600
2016-03-09,22.880624771118164,22.98470968172931,22.688292194185372,22.923615276300346,108806800
2016-03-10,22.891937255859375,23.134048220780034,22.661140581184426,22.9462437774568,134054400
2016-03-11,23.138572692871094,23.143097372800096,22.966605508160118,23.13404628662392,109632800
2016-03-14,23.19740104675293,23.28564870114261,23.02996027635018,23.059376736586106,100304400
2016-03-15,23.663522720336914,23.799285555257,23.498343424866768,23.52323347933923,160270800
2016-03-16,23.97804069519043,24.054972335581546,23.66578427489726,23.670310680989743,153214000
2016-03-17,23.9395751953125,24.09117700139507,23.74950584220155,23.87621759339676,137682800
2016-03-18,23.966733932495117,24.0979721292998,23.801556310929445,24.061767774463203,176820800
2016-03-21,23.96446418762207,24.35817691589159,23.790233811135852,23.96898886725636,142010800
2016-03-22,24.147747039794922,24.276722004992966,23.8060758516562,23.81512693841094,129777600
2016-03-23,24.014244079589844,24.2269402884613,23.962202492090338,24.09344065187563,102814000
2016-03-24,23.910165786743164,24.041403982801047,23.733673873715702,23.864912069773585,104532000
2016-03-28,23.801551818847656,24.02782381491597,23.772135354515047,23.984831583241125,77645600
2016-03-29,24.364967346191406,24.389857402577746,23.731405099423505,23.733668302636328,124760400
2016-03-30,24.790359497070312,24.984953553052407,24.57313858659879,24.584452877002676,182404400
2016-03-31,24.661386489868164,24.867294852638533,24.636496430053757,24.826565820789366,103553600
2016-04-01,24.887659072875977,24.88992227645211,24.48263194867367,24.613870134993224,103496000
2016-04-04,25.143348693847656,25.38545969784602,24.951016086537226,24.984957236434276,149424800
2016-04-05,24.846927642822266,25.055099193778993,24.758681701370815,24.779047078954108,106314800
2016-04-06,25.107141494750977,25.111667901594167,24.70890228215183,24.94196389766093,105616400
2016-04-07,24.559568405151367,24.984959235788537,24.464534558889667,24.87861109654956,127207600
2016-04-08,24.586715698242188,24.837876023385373,24.475841178225927,24.6432836967458,94326800
2016-04-11,24.668170928955078,25.027944281096357,24.62518042590393,24.656858365549297,117630000
2016-04-12,24.989484786987305,25.00306055703974,24.586720829790774,24.74058416056817,108929200
2016-04-13,25.35150909423828,25.419389642400777,25.070932363933803,25.070932363933803,133029200
2016-04-14,25.365095138549805,25.430714236790166,25.190866428705064,25.256485526945426,101895600
2016-04-15,24.85597801208496,25.410345429082167,24.828826477849184,25.367353198117787,187756000
2016-04-18,24.319719314575195,24.652337759106935,24.197532207345343,24.63876198929872,243286000
2016-04-19,24.190744400024414,24.43738009269739,24.03687934520283,24.410226826675235,129539600
2016-04-20,24.240516662597656,24.457737556836925,23.99840571238447,24.129643875461802,122444000
2016-04-21,23.97804069519043,24.195261577040657,23.876217273926873,24.195261577040657,126210000
2016-04-22,23.91242790222168,24.09344621449906,23.67258010582493,23.76082605832255,134732400
2016-04-25,23.776662826538086,23.90563780102329,23.647687852052886,23.758560651725116,112126400
2016-04-26,23.611480712890625,23.826440129182235,23.511922215818263,23.511922215818263,224064800
2016-04-27,22.133926391601562,22.33530832822501,21.649704462381326,21.722111431433373,458408400
2016-04-28,21.45737075805664,22.147499212389253,21.326132604634854,22.086406541695986,328970800
2016-04-29,21.210739135742188,21.43248647977647,20.93242551178816,21.267307141980485,274126000
2016-05-02,21.188114166259766,21.287674418531395,20.907537313689094,21.262784355463488,192640400
2016-05-03,21.536569595336914,21.663281366246807,21.197161586412495,21.314822269926196,227325200
2016-05-04,21.31256103515625,21.699485962571515,21.228839770528293,21.54109452081471,164102000
2016-05-05,21.226055145263672,21.415004791770283,21.098571883441945,21.39906938404257,143562000
2016-05-06,21.1076717376709,21.2738549773596,20.90961595527273,21.255644328876752,174799600
2016-05-09,21.123613357543945,21.346709064369357,21.078082380864863,21.171419580435106,131745600
2016-05-10,21.267038345336914,21.30118615378534,20.96881774100198,21.246550702365667,134747200
2016-05-11,21.059873580932617,21.301181699672124,21.048490401553487,21.280694060984878,114876400
2016-05-12,20.56586456298828,21.12133015716027,20.367810517428897,21.107671736591666,305258800
2016-05-13,20.606840133666992,20.86863750967336,20.48846311100795,20.48846311100795,177571200
2016-05-16,21.37174415588379,21.48784594000559,20.86408651259446,21.0325467329084,245039200
2016-05-17,21.2829647064209,21.5584205669201,21.173693850052576,21.52427450982309,187667600
2016-05-18,21.52654457092285,21.674517151075783,21.3740197631964,21.435486124824305,168249600
2016-05-19,21.444597244262695,21.54476365029383,21.301178583941898,21.54476365029383,121768400
2016-05-20,21.676803588867188,21.724609814970933,21.517447765025423,21.544766352868685,128104000
2016-05-23,21.952255249023438,22.125269464843562,21.779241033203313,21.824772004118582,152074400
2016-05-24,22.286901473999023,22.33015372721535,22.045591659714926,22.13209963980563,140560800
2016-05-25,22.6784610748291,22.70577792404892,22.334709581903283,22.46219284314023,152675200
2016-05-26,22.858306884765625,22.93115471825379,22.455365948886282,22.692121841930156,225324800
2016-05-27,22.844636917114258,22.871955494258334,22.594222705527034,22.637476685131336,145364800
2016-05-31,22.733089447021484,22.856020440804034,22.49633365197679,22.67390006405315,169228800
2016-06-01,22.414379119873047,22.660241101556068,22.384785297511208,22.541862338451534,116693200
2016-06-02,22.245922088623047,22.273238932612223,21.997783089138686,22.218603507805028,160766400
2016-06-03,22.291452407836914,22.371129434742336,22.184456798780094,22.261858579794595,114019600
2016-06-06,22.453083038330078,23.195221340147576,22.20722275072929,22.307387409815206,93170000
2016-06-07,22.544143676757812,22.735370278403316,22.52820827135643,22.594226875684704,89638000
2016-06-08,22.523656845092773,22.6647985160103,22.464467449995333,22.541867497036687,83392400
2016-06-09,22.685291290283203,22.762691348934236,22.414387611346097,22.42349380709844,106405600
2016-06-10,22.498613357543945,22.61699040098032,22.418936334382074,22.430317773788715,126851600
2016-06-13,22.159420013427734,22.564637920975898,22.104784574084448,22.466748484703306,152082000
2016-06-14,22.186735153198242,22.418938773768836,22.025104106674686,22.154864340465654,127727600
2016-06-15,22.113887786865234,22.40300382708042,22.088846185371665,22.268689624812268,117780800
2016-06-16,22.207223892211914,22.252753127152243,21.870301648434932,21.95680788955315,125307200
2016-06-17,21.70183753967285,22.002334952651616,21.695008329327894,21.995505742306662,244032800
2016-06-20,21.649478912353516,21.984124137793835,21.63354350813392,21.85436392148318,137647600
2016-06-21,21.833879470825195,21.93404413901869,21.553869628070824,21.61305902529588,142185600
2016-06-22,21.751924514770508,22.056974208762426,21.70639354317016,21.911278573299274,116876400
2016-06-23,21.87713050842285,21.920384496701352,21.683628657792593,21.840707468421712,128960800
2016-06-24,21.262474060058594,21.549313056841648,21.091736851444896,21.150926236743015,301245600
2016-06-27,20.952871322631836,21.18279792612506,20.8299403188878,21.171414750344976,181958400
2016-06-28,21.305728912353516,21.321666054463222,20.97563763003897,21.148651842251095,161779600
2016-06-29,21.490123748779297,21.524271537990504,21.314832574681827,21.39223434601581,146124000
2016-06-30,21.763307571411133,21.802007597523946,21.467364049759535,21.49923486383234,143345600
2016-07-01,21.829330444335938,21.961367692318017,21.70184716315569,21.738270213423142,104106000
2016-07-05,21.62443733215332,21.71777451182094,21.503783309132288,21.715497529265225,110820800
2016-07-06,21.74737548828125,21.77697106075022,21.48330274034112,21.53566119853652,123796400
2016-07-07,21.84071159362793,21.968194862954004,21.76786376303742,21.786074418063084,100558400
2016-07-08,22.009164810180664,22.05697102082978,21.86574617823332,21.965910827619155,115648400
2016-07-11,22.077465057373047,22.229989914574308,22.02055264168639,22.02510487073652,95179600
2016-07-12,22.177629470825195,22.24137109776262,22.109335614890412,22.12071705579834,96670000
2016-07-13,22.05242347717285,22.234542165451483,22.04559252834731,22.1753545035962,103568800
2016-07-14,22.489500045776367,22.535029262650188,22.15485491758609,22.170790317174756,155676000
2016-07-15,22.487234115600586,22.605612916576966,22.423492485919063,22.519104930441348,120548000
2016-07-18,22.72627067565918,22.794564545688598,22.446260771733215,22.469025395076354,145975600
2016-07-19,22.735368728637695,22.764962554700436,22.614712968161584,22.664796163674534,95119600
2016-07-20,22.755855560302734,22.869680369069854,22.705772366552605,22.764961753423556,105104000
2016-07-21,22.63520050048828,22.992610314115744,22.56690492363568,22.726260690682196,130808000
2016-07-22,22.459918975830078,22.6056146367112,22.380240195836013,22.596508440802467,113254800
2016-07-25,22.159420013427734,22.500894548774546,22.06380756036966,22.3665820652162,161531600
2016-07-26,22.00689125061035,22.30283649036816,21.94997883810531,22.041039045479174,224959200
2016-07-27,23.436525344848633,23.75523512840097,23.39099612012484,23.737022743780013,369379200
2016-07-28,23.752958297729492,23.777999892535995,23.40693167186566,23.40920865416496,159479200
2016-07-29,23.723373413085938,23.80077520896637,23.602719358194836,23.718821183600856,110934800
2016-08-01,24.142244338989258,24.165008954984405,23.76889907881645,23.76889907881645,152671600
2016-08-02,23.78484344482422,24.146805664957153,23.675570815317762,24.142253434774585,135266400
2016-08-03,24.08305549621582,24.09443693605807,23.850851892023883,23.85995808599503,120810400
2016-08-04,24.231826782226562,24.261580922637133,24.096784999236316,24.16545054939915,109634800
2016-08-05,24.600332260131836,24.639241929922044,24.302783823087015,24.323382443715563,162213600
2016-08-08,24.80404281616211,24.80404281616211,24.52709469086806,24.609490936017718,112148800
2016-08-09,24.904743194580078,24.93449908368157,24.7216379561109,24.771992464217153,105260800
2016-08-10,24.719356536865234,24.92535152392008,24.66442512239667,24.881863208253453,96034000
2016-08-11,24.703325271606445,24.93220811420588,24.68501422510149,24.83836531054611,109938000
2016-08-12,24.760549545288086,24.820059581873906,24.6689960458263,24.6689960458263,74641600
2016-08-15,25.058095932006836,25.07182834461946,24.73765958322399,24.75139199583661,103472800
2016-08-16,25.03520393371582,25.229755741000236,24.99629427075392,25.092424642625954,135177600
2016-08-17,24.998584747314453,25.032917523500135,24.79716672501847,24.971118177118402,101424000
2016-08-18,24.966543197631836,25.085561518440528,24.952809038364844,25.000875976442813,87938800
2016-08-19,25.030628204345703,25.10615996270143,24.801745358107162,24.895586417021445,101472400
2016-08-22,24.836082458496094,24.971122523094618,24.685018915482996,24.91619111937978,103280800
2016-08-23,24.913902282714844,25.021477520652386,24.84065982760131,24.85439224223576,85030800
2016-08-24,24.726213455200195,24.89100938292654,24.646104808732535,24.849810400994954,94700400
2016-08-25,24.620935440063477,24.69188858590681,24.417229782571646,24.579736444939392,100344800
2016-08-26,24.476736068725586,24.707906523282393,24.332538734832134,24.58431130314203,111065200
2016-08-29,24.44926643371582,24.591174432069376,24.32795880029892,24.403490561337307,99881200
2016-08-30,24.261585235595703,24.37602667538625,24.147143795805157,24.215809358174603,99455600
2016-08-31,24.284469604492188,24.392044821479804,24.179183704910436,24.18376233972216,118649600
2016-09-01,24.42866325378418,24.4446849807489,24.174603193174132,24.29362148687816,106806000
2016-09-02,24.65755271911621,24.719350326588074,24.44926846613325,24.650684766074676,107210000
2016-09-06,24.650680541992188,24.788011639486246,24.60719399094068,24.696458156569353,107521600
2016-09-07,24.8017520904541,24.893305603048898,24.506492929110838,24.68044442841715,169457200
2016-09-08,24.151721954345703,24.552267014663258,24.087635024092958,24.547690125175723,212008000
2016-09-09,23.604692459106445,24.197500068374616,23.604692459106445,23.950306121353805,186228000
2016-09-12,24.133413314819336,24.19750024683711,23.467363243696187,23.49482982009149,181171200
2016-09-13,24.707902908325195,24.90016540997437,24.54539629470703,24.607195641973306,248704800
2016-09-14,25.582239151000977,25.87063207350197,24.856680828536582,24.886436721019322,443554800
2016-09-15,26.451984405517578,26.488606490713728,25.975907775390436,26.06059503772868,359934400
2016-09-16,26.303218841552734,26.58016690302219,26.101802545821595,26.348996463017336,319547600
2016-09-19,25.99651527404785,26.5916103520135,25.920983512266076,26.365016812905786,188092000
2016-09-20,25.994224548339844,26.12011081115645,25.75160929226149,25.875206237689383,138057200
2016-09-21,25.989654541015625,26.090361831695407,25.73559437696434,26.058318364719387,144012800
2016-09-22,26.23455047607422,26.30779291146968,26.092642493516646,26.17275113438084,124296000
2016-09-23,25.79738998413086,26.27346680818627,25.531886743255473,26.188779511350944,209924800
2016-09-26,25.8362979888916,25.953028742676437,25.53188509596385,25.552483716270608,119477600
2016-09-27,25.884361267089844,25.904961632109924,25.712699125618776,25.863762648307365,98429600
2016-09-28,26.081199645996094,26.239129368791218,25.96218133422534,26.021691363229483,118564400
2016-09-29,25.676084518432617,26.046875455570937,25.589109642617057,25.900390535124735,143548000
2016-09-30,25.875211715698242,25.94845417150556,25.589108099851238,25.740169900974752,145516400
2016-10-03,25.7539005279541,25.875209919491997,25.698969126471315,25.797388833340097,86807200
2016-10-04,25.863765716552734,26.163601733762686,25.779078421401593,25.877498130703476,118947200
2016-10-05,25.875211715698242,26.01483041993061,25.792813734635274,25.955320378887826,85812400
2016-10-06,26.06747055053711,26.170467146015195,25.8935190762136,26.023982245396795,115117200
2016-10-07,26.10637855529785,26.22081998574715,25.98049402954621,26.1635992705225,97433600
2016-10-10,26.561857223510742,26.722074530767596,26.257442593485038,26.326106405350398,144944000
2016-10-11,26.619075775146484,27.166105639172304,26.596186093481776,26.939510363601958,256164000
2016-10-12,26.85711097717285,27.003597597873863,26.722070942935716,26.85940029446563,150347200
2016-10-13,26.77471351623535,26.879999405712596,26.486320669087977,26.73122522088529,140769600
2016-10-14,26.923492431640625,27.0470893958653,26.809050992125677,26.9807131513981,142608800
2016-10-17,26.905183792114258,26.971558291980898,26.728942993020848,26.854829278087568,94499600
2016-10-18,26.886873245239258,27.056246094121228,26.882294609566905,27.049379886850563,98214000
2016-10-19,26.806760787963867,26.953245676457854,26.046869774062202,26.836514930670027,80138400
2016-10-20,26.793027877807617,26.866270325468047,26.625944362631184,26.747252002858986,96503200
2016-10-21,26.6877384185791,26.75869328542046,26.61449598066098,26.73580360475311,92770800
2016-10-24,26.928064346313477,26.948662962090957,26.779290162828072,26.802178095771055,94154800
2016-10-25,27.06540298461914,27.090580243373637,26.850252499349068,26.996737415972706,192516000
2016-10-26,26.456567764282227,26.481745017453612,25.934715146252724,26.163597996001634,264536800
2016-10-27,26.202510833740234,26.518368554939595,26.11553422850968,26.410793330304532,138248000
2016-10-28,26.028560638427734,26.369595630794517,25.96676128472614,26.062893418679984,151446800
2016-10-31,25.98736000061035,26.145289731996076,25.909538920566067,26.01253725478018,105677600
2016-11-01,25.518156051635742,26.040008825538646,25.29842865979442,25.969055679719347,175303200
2016-11-02,25.541044235229492,25.714995743584726,25.45864799046975,25.497557667819258,113326800
2016-11-03,25.26726531982422,25.64225915016258,25.202849374019138,25.531832315983266,107730400
2016-11-04,25.039508819580078,25.363891402462773,24.871567483003545,24.968191409954677,123348000
2016-11-07,25.40070915222168,25.423714605283607,25.18215296012447,25.324789577434114,130240000
2016-11-08,25.550235748291016,25.70207484006421,25.237356791185245,25.377692283204873,97016800
2016-11-09,25.50882911682129,25.610055193362072,24.857766343733797,25.278771128467262,236705600
2016-11-10,24.79795265197754,25.557143017878346,24.347039171303557,25.557143017878346,228538000
2016-11-11,24.945188522338867,25.04641460202416,24.512680122670883,24.6438131098981,136575600
2016-11-14,24.319429397583008,24.80255081531767,23.94443551369246,24.779545367845188,204702000
2016-11-15,24.64151382446289,24.772646821194414,24.422959414978134,24.517282287264077,129058000
2016-11-16,25.304079055786133,25.359294239810122,24.524182572280637,24.547188021355673,235362000
2016-11-17,25.294872283935547,25.3868958200094,25.037208489172322,25.262664309590146,110528000
2016-11-18,25.320180892944336,25.43060949640045,25.228159104467863,25.24196202169871,113715600
2016-11-21,25.70438575744629,25.764199584509182,25.308685645104998,25.333992170094515,117058400
2016-11-22,25.720481872558594,25.86311669131896,25.62845833307263,25.754989164063183,103862000
2016-11-23,25.589353561401367,25.653769524216692,25.382300998635436,25.61926047122181,109705600
2016-11-25,25.718177795410156,25.736582852196744,25.524928209556645,25.566338709725052,45903600
2016-11-28,25.66756820678711,25.8746207353781,25.626157701068912,25.635360230695518,108776000
2016-11-29,25.642263412475586,25.773396396862534,25.322482946072274,25.48582390871544,114115200
2016-11-30,25.42600440979004,25.812501844329436,25.368489921050262,25.674467422394557,144649200
2016-12-01,25.189050674438477,25.52263583743851,25.083224201929145,25.391502843763547,148347600
2016-12-02,25.283370971679688,25.32708079195349,25.041809403796204,25.115427883165925,106112000
2016-12-05,25.10163688659668,25.313289895890204,24.903786800238525,25.30638843442252,137298000
2016-12-06,25.294872283935547,25.38919689109206,25.12002949611849,25.191346902854317,104782000
2016-12-07,25.543338775634766,25.580148897147293,25.113131450477074,25.1361368988208,119994800
2016-12-08,25.794105529785156,25.865422953478195,25.444416360599178,25.504231936550035,108273200
2016-12-09,26.21510887145996,26.38765237457673,25.837813885060886,25.837813885060886,137610400
2016-12-12,26.065570831298828,26.45666871015022,25.879222666845706,26.063269759954103,105497600
2016-12-13,26.50037956237793,26.668320906667244,26.16909550595621,26.18979988188101,174935200
2016-12-14,26.50037956237793,26.73273686092633,26.452067596683612,26.465870513966813,136127200
2016-12-15,26.645320892333984,26.85467454156549,26.50958749749872,26.544094797742623,186098000
2016-12-16,26.679828643798828,26.80175911257715,26.606210148204177,26.794857652865684,177404400
2016-12-19,26.83396339416504,27.004205812649772,26.629211926678533,26.64071552808017,111117600
2016-12-20,26.90528678894043,27.031819411672224,26.843171891092524,26.856974811680164,85700000
2016-12-21,26.930583953857422,27.00880457214365,26.866168006564603,26.870770148630047,95132800
2016-12-22,26.75344467163086,26.804057711784225,26.6039066225968,26.767247589780606,104343600
2016-12-23,26.806350708007812,26.806350708007812,26.592396751113498,26.592396751113498,56998000
2016-12-27,26.97660255432129,27.100834089471928,26.799456904953356,26.806358364372283,73187600
2016-12-28,26.861570358276367,27.15144215064689,26.732736695353033,27.03641316012437,83623600
2016-12-29,26.854673385620117,26.942094801147437,26.778753817944512,26.79025566579623,60158000
2016-12-30,26.645320892333984,26.96280034100216,26.555598401292904,26.83626947796643,122345200
2017-01-03,26.72123146057129,26.76264196211574,26.40145104789025,26.640711528457874,115127600
2017-01-04,26.691326141357422,26.804055815616383,26.629211258874466,26.65221670589767,84472400
2017-01-05,26.82706069946289,26.884575193415053,26.643013616734745,26.668320134489942,88774400
2017-01-06,27.126142501831055,27.183657007935995,26.794858385001508,26.866175810906533,127007600
2017-01-09,27.37459945678711,27.475825533009875,27.133039622896174,27.135338939026216,134247600
2017-01-10,27.402210235595703,27.46432512719422,27.21586380559681,27.32398959799397,97848400
2017-01-11,27.549442291259766,27.59085279664473,27.28487527103378,27.31708324686619,110354400
2017-01-12,27.434419631958008,27.445923235352577,27.195159074019244,27.353899673806367,108344800
2017-01-13,27.386106491088867,27.51954056188967,27.33319237501152,27.40221048203356,104447600
2017-01-17,27.60695457458496,27.66216799227732,27.197451695894415,27.225057527139143,137759200
2017-01-18,27.604658126831055,27.72198819488039,27.540242169534384,27.606959198221134,94852000
2017-01-19,27.556344985961914,27.627662399190104,27.462022125421704,27.468923584095,102389200
2017-01-20,27.60695457458496,27.710479952158494,27.54483969908142,27.710479952158494,130391600
2017-01-23,27.625364303588867,27.793305656069048,27.554045132006674,27.60695924284487,88200800
2017-01-24,27.60005760192871,27.629964509038164,27.491930064774497,27.503433666464463,92844000
2017-01-25,28.039466857910156,28.090079895944434,27.671374429301515,27.703582407104573,129510400
2017-01-26,28.053272247314453,28.168301243893303,27.975051616935176,27.991155606248086,105350400
2017-01-27,28.055572509765625,28.14759606117314,27.975052560485274,28.099284091604925,82251600
2017-01-30,27.98195457458496,27.98195457458496,27.75879978364072,27.820914672830703,121510000
2017-01-31,27.91754150390625,27.926744035702466,27.749600125434853,27.871530600128644,196804000
2017-02-01,29.619964599609375,30.02026674415808,29.21966421026375,29.22426459752385,447940000
2017-02-02,29.56935691833496,29.767206955205634,29.396813403985195,29.442826060933836,134841600
2017-02-03,29.695884704589844,29.72119122299778,29.48423178263535,29.518739075734263,98029200
2017-02-06,29.974258422851562,30.022572152503574,29.654477909689444,29.70739378273852,107383600
2017-02-07,30.259531021118164,30.388362950360797,30.011067938833033,30.03177231808843,152735200
2017-02-08,30.37685775756836,30.41827002431868,30.188212016880424,30.218120681177513,92016400
2017-02-09,30.59636116027832,30.603292541477735,30.29598838100748,30.41844748303212,113399600
2017-02-10,30.527042388916016,30.716509534471417,30.51087034208567,30.605603914863373,80262000
2017-02-13,30.797380447387695,30.919843083711402,30.672612051335886,30.74886077555563,92141600
2017-02-14,31.19709587097168,31.213267912938225,30.78812689428164,30.838959355819387,132904800
2017-02-15,31.310319900512695,31.48592428287456,31.104680709820027,31.31263271120233,142492400
2017-02-16,31.273351669311523,31.40042932640587,31.15551115186836,31.347287568405008,90338400
2017-02-17,31.358835220336914,31.384251452160708,31.215582018580157,31.215582018580157,88792800
2017-02-21,31.58527946472168,31.596832942403598,31.41891925785599,31.476683120639176,98028800
2017-02-22,31.680011749267578,31.682321034458894,31.448956307591242,31.522892215602024,83347600
2017-02-23,31.546001434326172,31.765503414548835,31.49285966610156,31.742399984098633,83152800
2017-02-24,31.576040267944336,31.576040267944336,31.25718260233658,31.40274867152735,87106400
2017-02-27,31.6384220123291,31.75626255171669,31.488237375635933,31.68694520954043,81029600
2017-02-28,31.652297973632812,31.756272255856622,31.585289896322934,31.673092124952063,93931600
2017-03-01,32.299232482910156,32.382412567080664,31.793224123633966,31.86022863767035,145658400
2017-03-02,32.107460021972656,32.41245131747088,32.06124612134738,32.34775608734624,104844000
2017-03-03,32.29694747924805,32.30850096294048,32.0219907852581,32.06589190791239,84432400
2017-03-06,32.19526290893555,32.29461857758971,32.02428414639865,32.20219428981536,87000000
2017-03-07,32.23685073852539,32.34313424930706,32.06817775627844,32.130563702118074,69785200
2017-03-08,32.11670684814453,32.301551909230334,32.075118560354035,32.10515337077174,74828800
2017-03-09,32.042755126953125,32.06817135717713,31.666137293520123,32.05662140985935,88623600
2017-03-10,32.14905548095703,32.19988796249569,32.0335277548467,32.174471721726356,78451200
2017-03-13,32.16291046142578,32.21605221540226,32.075111808252814,32.082043188092115,69686800
2017-03-14,32.1143913269043,32.266885211484286,32.07973090151632,32.18601793683025,61236400
2017-03-15,32.45404815673828,32.52105268203677,32.12363704927191,32.211439243327874,102767200
2017-03-16,32.50719451904297,32.58344324693821,32.407838833981906,32.51412590106739,76928000
2017-03-17,32.34545135498047,32.57881607322998,32.32234440141568,32.57881607322998,175540000
2017-03-20,32.68510055541992,32.69434122074406,32.40089985653458,32.44017885400737,86168000
2017-03-21,32.31079864501953,32.99472444181787,32.285382400275715,32.83529559075455,158119600
2017-03-22,32.67586135864258,32.71745317302266,32.292308464990825,32.31310613499406,103440800
2017-03-23,32.56033706665039,32.712834526079405,32.488710433604666,32.63889508188591,81385200
2017-03-24,32.49563217163086,32.74979452858138,32.42862765513974,32.69433996189426,89582400
2017-03-27,32.551090240478516,32.62964824085136,32.02890271013015,32.20681637913718,94300400
2017-03-28,33.22578048706055,33.28123154879322,32.49102218845944,32.55803025555578,133499200
2017-03-29,33.29970932006836,33.3852022314122,33.0848294503589,33.19804436103866,116760000
2017-03-30,33.255802154541016,33.38750542533572,33.15645002446834,33.31587881516693,84829200
2017-03-31,33.19342803955078,33.33437201036823,33.04323987603545,33.2072908029711,78646800
2017-04-03,33.202667236328125,33.29971010159959,33.052482605089835,33.20498004721343,79942800
2017-04-04,33.44989776611328,33.477623291318075,33.080207643793266,33.0986925024719,79565600
2017-04-05,33.276611328125,33.60933178453863,33.22808812588683,33.32282171915426,110871600
2017-04-06,33.19342803955078,33.39213587503724,33.14490484195315,33.33899058109066,84596000
2017-04-07,33.119483947753906,33.313569659625706,33.10331190124426,33.209595422953385,66688800
2017-04-10,33.08020782470703,33.24425874286062,33.01782186702875,33.17956349994475,75733600
2017-04-11,32.72438049316406,33.12179610041175,32.36162178890998,33.02706253139465,121517600
2017-04-12,32.7636604309082,32.844527715419915,32.58112466824049,32.717450050383505,81400000
2017-04-13,32.590362548828125,32.897666631967866,32.590362548828125,32.789070319669406,71291600
2017-04-17,32.77059555053711,32.78214902839294,32.54878076283502,32.689724731172724,66328400
2017-04-18,32.625030517578125,32.81911625943817,32.60423637215595,32.673553715856414,58790000
2017-04-19,32.504886627197266,32.80988158493575,32.45174484842545,32.782156052642144,69313600
2017-04-20,32.91154098510742,33.02244662108617,32.6157902720797,32.629653035873716,93278400
2017-04-21,32.87225341796875,32.96698345443212,32.775210571057656,32.91153241369759,69283600
2017-04-24,33.188785552978516,33.26041213706256,33.08249855601151,33.156437949662354,68537200
2017-04-25,33.394447326660156,33.47993672371542,33.24194986789126,33.251194061188805,75486000
2017-04-26,33.19804000854492,33.41061409080594,33.12872620522698,33.38057575895097,80164800
2017-04-27,33.22346878051758,33.30896171291005,33.11256312773726,33.25350712370632,56985200
2017-04-28,33.19111633300781,33.3413045015207,33.10331765321541,33.29278130230845,83441600
2017-05-01,33.86811828613281,34.011371579238464,33.49380947479099,33.52615710631896,134411600
2017-05-02,34.08299255371094,34.217005155060875,33.928185805330884,34.08992393605431,181408800
2017-05-03,33.97901916503906,34.078374857222194,33.33437591117212,33.639367318988945,182788000
2017-05-04,33.856544494628906,33.997488417226116,33.690184339247764,33.85423521005775,93487600
2017-05-05,34.41802215576172,34.42264072641439,33.90969733385166,33.90969733385166,109310800
2017-05-08,35.353790283203125,35.51321909494186,34.43419065356473,34.43419065356473,195009600
2017-05-09,35.580230712890625,35.78586992640068,35.455458793091545,35.55250166092058,156521600
2017-05-10,35.41154479980469,35.56866428500854,35.145832534083304,35.49703768428148,103222800
2017-05-11,35.71780014038086,35.74564363962655,35.33730535901686,35.36978649132191,109020400
2017-05-12,36.21662521362305,36.29086629146974,35.884850329613776,35.89181032003133,130108000
2017-05-15,36.123836517333984,36.34424457849583,35.973031933428494,36.19575881243291,104038800
2017-05-16,36.07046127319336,36.207345816128424,35.896454418221445,36.17950585219005,80194000
2017-05-17,34.859371185302734,35.861652309017664,34.73408781492753,35.636603173558846,203070800
2017-05-18,35.39067840576172,35.57628645594224,35.063548155767805,35.09602929903596,134272800
2017-05-19,35.51133346557617,35.7247815400976,35.411571192343565,35.58557812115582,107843200
2017-05-22,35.72709655761719,35.86398113051497,35.476526206788755,35.72941537506011,91865600
2017-05-23,35.68299865722656,35.938206531456125,35.569312928958254,35.938206531456125,79675600
2017-05-24,35.5762939453125,35.76886202814773,35.420848188364026,35.69229855857374,76712000
2017-05-25,35.69923782348633,35.8106047364817,35.504351036011116,35.66675669224046,76942400
2017-05-26,35.63892364501953,35.78509053405886,35.569320195944684,35.72940706676329,87710400
2017-05-30,35.65285110473633,35.82917681122101,35.57396883132312,35.59484880837146,80507600
2017-05-31,35.441715240478516,35.768848980184664,35.353554173882166,35.7224478598426,97804800
2017-06-01,35.539161682128906,35.57396518048359,35.31643486944589,35.536842864976805,65616400
2017-06-02,36.06583023071289,36.06583023071289,35.471887231987566,35.631974149961714,111082800
2017-06-05,35.71318054199219,35.83382633779964,35.60413945637743,35.808305179843835,101326800
2017-06-06,35.83380889892578,36.149341452740536,35.6783632089096,35.706203171247324,106499600
2017-06-07,36.04725646972656,36.188782177000014,35.8407684909353,35.96605540041843,84278400
2017-06-08,35.9590950012207,36.086697185851556,35.82220692905555,36.01941609832216,85003200
2017-06-09,34.5647087097168,36.00548652758411,33.87796387576515,36.00548652758411,259530800
2017-06-12,33.73877716064453,33.8942228985397,33.063629544575214,33.81302180331773,289229200
2017-06-13,34.010215759277344,34.2097437423721,33.676122062916065,34.142462655827934,136661600
2017-06-14,33.67844772338867,34.22134826314073,33.37219395829046,34.22134826314073,126124800
2017-06-15,33.47659683227539,33.52067913475004,32.99402094249624,33.251551226267416,128661600
2017-06-16,33.0079460144043,33.52532547863764,32.99170367301799,33.358278590962286,201444400
2017-06-19,33.95221710205078,34.045022883262455,33.330434298736115,33.330434298736115,130165600
2017-06-20,33.64364242553711,34.075179545849174,33.62740362744633,34.075179545849174,99600400
2017-06-21,33.843170166015625,33.88957482348066,33.55083994094887,33.76196909580847,85063200
2017-06-22,33.78750228881836,34.03575030191713,33.669175326340806,33.81998343651856,76425200
2017-06-23,33.938297271728516,34.14246645112893,33.66684699830492,33.671488172430905,141757600
2017-06-26,33.831565856933594,34.40230621312439,33.72948129496707,34.144775991864364,102769600
2017-06-27,33.34667205810547,33.91045609832989,33.321150911590316,33.643643468366285,99047600
2017-06-28,33.83389663696289,33.89885891933453,33.214432597089726,33.523005208444474,88329600
2017-06-29,33.33506774902344,33.67148379594912,33.01025640599368,33.5740403930402,125997600
2017-06-30,33.41395568847656,33.63204483576465,33.3582722231546,33.51371791447777,92096400
2017-07-03,33.2933235168457,33.7109408264867,33.20052124367206,33.61349737760043,57111200
2017-07-05,33.430198669433594,33.59260437172023,33.11234725637412,33.33739642246375,86278400
2017-07-06,33.11466598510742,33.29331402723533,33.04042489576544,33.18195062313297,96515200
2017-07-07,33.451087951660156,33.583334907577324,33.15411643051047,33.15411643051047,76806800
2017-07-10,33.65524673461914,33.861734736524554,33.26315070466669,33.434838750141466,84362400
2017-07-11,33.76429748535156,33.83854212620255,33.497488330174406,33.578689423403425,79127200
2017-07-12,33.81300735473633,33.915088384522775,33.5995594085281,33.84316613027823,99538000
2017-07-13,34.283992767333984,34.45103963699194,33.74341102804902,33.75733101049074,100797600
2017-07-14,34.57864761352539,34.64593226014043,34.18191388693586,34.33039962475415,80528400
2017-07-17,34.69929122924805,35.01018267036603,34.46960441447506,34.527606707527475,95174000
2017-07-18,34.8199348449707,34.831536010902305,34.49280108266514,34.61576565314673,71475200
2017-07-19,35.03802490234375,35.13082715177635,34.78977339783427,34.91273797141296,83692000
2017-07-20,34.88024139404297,35.20505620366991,34.84544145095098,35.14937275454541,68974800
2017-07-21,34.864009857177734,34.90345098095028,34.54151733675225,34.79904758976671,105010400
2017-07-24,35.2862663269043,35.36747093524196,34.7781657860091,34.93593382901929,85972800
2017-07-25,35.43708038330078,35.69228833526864,35.21899120640794,35.21899120640794,75415600
2017-07-26,35.604129791259766,35.71317084727418,35.51132399653175,35.57860864023195,63124000
2017-07-27,34.93130111694336,35.72709443481554,34.174952474512295,35.67141095788023,129905200
2017-07-28,34.68536376953125,34.85472943749042,34.61344150807646,34.775847185583764,68854800
2017-07-31,34.506717681884766,34.877933714220624,34.36751432489266,34.778167945206754,79383600
2017-08-01,34.812965393066406,34.852406514372724,34.432470619089045,34.59255746097682,141474400
2017-08-02,36.457916259765625,37.063460259127524,36.23054829293145,36.954415679689205,279747200
2017-08-03,36.09367370605469,36.47416866048852,35.9660679353221,36.437046338060945,108389200
2017-08-04,36.283905029296875,36.51823295889064,36.12149935828248,36.209663954052346,82239600
2017-08-07,36.84536361694336,36.87088475886639,36.34886429785898,36.43934770282649,87481200
2017-08-08,37.14003372192383,37.54604982805782,36.72009763000825,36.796661091986486,144823600
2017-08-09,37.36739730834961,37.41612079297304,36.914980123328064,36.949780083645464,104526000
2017-08-10,36.17716598510742,37.26723077944783,36.01645048371824,37.24393733857864,163217200
2017-08-11,36.68027877807617,36.93416454339408,36.35186393739302,36.47531138153877,105028400
2017-08-14,37.232303619384766,37.31615505207782,36.97608992113349,37.10885617043124,88490800
2017-08-15,37.63991165161133,37.77966166110587,37.299846542421186,37.42096606058106,117862000
2017-08-16,37.4885139465332,37.851868971949614,37.302177033630144,37.71910627608485,110686400
2017-08-17,36.76879119873047,37.43261533993221,36.76413179853818,37.388359923307966,111762400
2017-08-18,36.684940338134766,37.150780850365045,36.50326282269144,36.768791772499455,109712400
2017-08-21,36.617401123046875,36.77578521761113,36.128267082150636,36.6849464447683,105474000
2017-08-22,37.21599578857422,37.26723852587376,36.806057444258705,36.85496870453865,86418400
2017-08-23,37.2625732421875,37.37670542162071,37.006363150225965,37.05061855764048,77596400
2017-08-24,37.09720230102539,37.439595289060286,36.9294994679438,37.367387039585466,79275600
2017-08-25,37.234622955322266,37.39766638293493,37.09720089162589,37.18570814999838,101920400
2017-08-28,37.60963439941406,37.73308185201082,37.25093521127621,37.29985002932449,103864000
2017-08-29,37.94502639770508,37.99393764395831,37.267227838414755,37.29052127744569,118067600
2017-08-30,38.047523498535156,38.17329886722519,37.875161237511655,38.15233689812367,109078400
2017-08-31,38.19892120361328,38.320040729401555,38.077801677825,38.115069771003085,107140400
2017-09-01,38.21057891845703,38.417877859529355,38.11275281128513,38.385269157138715,66364400
2017-09-05,37.7517204284668,38.25715702322757,37.39768059816229,38.14069688008228,117874000
2017-09-06,37.71211242675781,37.963666682533365,37.388353473821574,37.8984493074153,86606800
2017-09-07,37.56071853637695,37.788982942143555,37.351091731330314,37.75404277191512,87714000
2017-09-08,36.948143005371094,37.53509951790412,36.92484955709291,37.46755420442734,114446000
2017-09-11,37.616615295410156,37.74472212642734,37.24161360138557,37.38369507686272,126323200
2017-09-12,37.46755599975586,38.189610282003464,36.98075347251428,37.87516648558694,286856000
2017-09-13,37.18570327758789,37.25791151485799,36.78042446120834,37.236945998706176,179629600
2017-09-14,36.86661911010742,37.12748866854169,36.82236369128421,37.03199406138133,95042800
2017-09-15,37.239288330078125,37.49317053339173,36.80139715072568,36.91086994556379,196458400
2017-09-18,36.95744705200195,37.38369143693135,36.80139094725952,37.29285270270575,113077600
2017-09-19,36.971435546875,37.21367463162102,36.9038902285617,37.153113083393784,83242400
2017-09-20,36.35186004638672,36.86195233721681,35.830117479786594,36.77810091676466,211805600
2017-09-21,35.727630615234375,36.28896917031502,35.57856182405946,36.28896917031502,150046800
2017-09-22,35.378257751464844,35.46676858657564,35.06847338265814,35.296734239749,186581600
2017-09-25,35.06614303588867,35.364280660403736,34.7423840426693,34.935708269423436,177549200
2017-09-26,35.669395446777344,35.85107289889718,35.33166190394329,35.35262386670793,146640000
2017-09-27,35.92329025268555,36.03742245811878,35.762574706654625,35.823136248104575,102016800
2017-09-28,35.70201873779297,35.93493900803122,35.56692455456503,35.84410024480155,88022000
2017-09-29,35.897666931152344,35.899998408208205,35.40387715030918,35.68571220984077,105199200
2017-10-02,35.82545852661133,35.974527325485546,35.571576339386255,35.93027191496218,74795200
2017-10-03,35.98151397705078,36.12359545099182,35.84875130203596,35.87204119119061,64921200
2017-10-04,35.748592376708984,35.83710319267838,35.51101632449689,35.783532540208626,80655200
2017-10-05,36.1934700012207,36.20511672212214,35.881357783911426,35.911634993358895,85135200
2017-10-06,36.17251205444336,36.21676746633701,36.00014980656297,36.09564795285132,69630400
2017-10-09,36.29828643798828,36.50558529280248,36.21676649297357,36.29129911567504,65051600
2017-10-10,36.31227111816406,36.801405139755445,36.125937732873545,36.34953921685477,62468000
2017-10-11,36.46365737915039,36.563811357429444,36.2773205116134,36.328563239038075,67622400
2017-10-12,36.33556365966797,36.65466330578336,36.27267418896036,36.41708717925492,64500400
2017-10-13,36.5661506652832,36.63369597276531,36.43105649623809,36.50558912676728,65576800
2017-10-16,37.239288330078125,37.26723762098803,36.719873646797474,36.778103705580264,96486000
2017-10-17,37.376712799072266,37.46987947743301,37.0878904096244,37.21599725793115,75989200
2017-10-18,37.21133041381836,37.43260745030128,37.17406588237725,37.36505860103378,65496800
2017-10-19,36.33090591430664,36.58711965546994,36.10730442572919,36.510255533120954,170336800
2017-10-20,36.39379119873047,36.74317159423828,36.326245886061336,36.47764263581559,95896400
2017-10-23,36.37515640258789,36.72919619122614,36.21910025562893,36.542859273307,87937200
2017-10-24,36.591766357421875,36.66629897638764,36.38213603628996,36.40309800217904,71028800
2017-10-25,36.431060791015625,36.696589760350115,36.16553182168114,36.54752092763744,84828400
2017-10-26,36.663970947265625,36.761797008544235,36.51723007830754,36.62204346152888,68002000
2017-10-27,37.97765350341797,38.105760372075004,36.96444883340868,37.10187094974917,177816800
2017-10-30,38.83245849609375,39.14690220770844,38.13369785168815,38.17329386171482,178803200
2017-10-31,39.37283706665039,39.51491855976353,38.883706679435335,39.10730812671052,144187200
2017-11-01,38.8720588684082,39.582466314093104,38.57392124433074,39.566160191268466,134551200
2017-11-02,39.156219482421875,39.247058228740606,38.49705481387086,38.80451121930693,165573600
2017-11-03,40.17873764038086,40.588675944952875,39.85730660195206,40.52811796768852,237594400
2017-11-06,40.58634567260742,40.75870790356975,39.9970578389901,40.14845455042654,140105200
2017-11-07,40.71678924560547,40.819274726553346,40.43495772707984,40.50716243754375,97446000
2017-11-08,41.04987335205078,41.04987335205078,40.60499474340489,40.681858865899855,97638000
2017-11-09,40.96601104736328,41.01725378211168,40.327808339911776,40.78666147574387,117930400
2017-11-10,40.8304328918457,40.996402330142,40.73693129386803,40.93328678973554,100582000
2017-11-13,40.66680908203125,40.790700322015965,40.5335655408074,40.55694272704739,67928400
2017-11-14,40.05201721191406,40.55225821938238,40.01461514838106,40.44940432809518,99130000
2017-11-15,39.52372741699219,39.81358806625075,39.360097843562826,39.731771496107484,116632400
2017-11-16,39.99591064453125,40.17590135574992,39.80890392663494,40.01460810615006,94550000
2017-11-17,39.773841857910156,40.0637024759367,39.65462680301197,39.98188591460903,87598000
2017-11-20,39.73410415649414,39.86968395261924,39.63592642140843,39.806568420472395,65049600
2017-11-21,40.4727897644043,40.603693446612,39.92112169877338,39.92112169877338,100525200
2017-11-22,40.89821243286133,40.907561163139,40.45173476640671,40.52419901834155,102355600
2017-11-24,40.90055847167969,41.0244496868098,40.82575434420491,40.930948094323455,56106800
2017-11-27,40.69485855102539,40.92627985240134,40.51954035609574,40.91926740995278,82867200
2017-11-28,40.4564323425293,40.87719319814768,40.173584057546734,40.74395321169737,105715200
2017-11-29,39.61722946166992,40.421356022358474,39.07491378830195,40.35356790075893,166665600
2017-11-30,40.171234130859375,40.23902224712282,39.37412007422577,39.839295289727644,166108800
2017-12-01,39.984222412109375,40.12915092551341,39.38814005400389,39.72708772685399,159037200
2017-12-04,39.692047119140625,40.351241794788066,39.65230874923089,40.31851586857661,130169600
2017-12-05,39.65461730957031,40.094082497239974,39.364756760937304,39.5190375481221,109400800
2017-12-06,39.50736618041992,39.785538263351555,38.911287221974995,39.15439352879619,114240000
2017-12-07,39.5798225402832,39.84162980502884,39.48398110699008,39.51203086625384,102693200
2017-12-08,39.591514587402344,39.97254053034316,39.46295079005944,39.85332546546157,93420800
2017-12-11,40.362918853759766,40.41434580408775,39.455938348183324,39.55177980714525,141095200
2017-12-12,40.13616943359375,40.29746270901659,40.08006990604287,40.241359614608676,77636800
2017-12-13,40.2694206237793,40.56629019196161,40.2063050763927,40.323183870219424,95273600
2017-12-14,40.257728576660156,40.470448819217914,40.124485051039116,40.299803226735804,81906000
2017-12-15,40.66680908203125,40.713559887653396,40.31383639769752,40.587332355787815,160677200
2017-12-18,41.239501953125,41.42183253648349,40.87484078640801,40.87951693560756,117684400
2017-12-19,40.800025939941406,40.998721209831174,40.69483579517569,40.91456838064744,109745600
2017-12-20,40.755615234375,41.00573386583977,40.49848059748987,40.87716654739721,93902400
2017-12-21,40.909912109375,41.14600954402588,40.69719542593479,40.71355660149593,83799600
2017-12-22,40.909912109375,41.005753571622236,40.790697029632184,40.83277168123875,65397600
2017-12-26,39.87202835083008,40.082408726132456,39.66398070018009,39.925791590410505,132742000
2017-12-27,39.87904739379883,39.92112204908144,39.67100327556646,39.76216859553665,85992800
2017-12-28,39.99124526977539,40.171239596342964,39.85098930185255,39.97254423626185,65920800
2017-12-29,39.55878448486328,39.876694857743026,39.5564481937096,39.86033368595383,103999600
2018-01-02,40.267066955566406,40.27641925330551,39.56579443310673,39.77617832995853,102223600
2018-01-03,40.26006317138672,40.80238241744237,40.19695119893329,40.33019115208112,118071600
2018-01-04,40.44707107543945,40.54992497445396,40.22500210267125,40.3325285848356,89738400
2018-01-05,40.90757751464844,40.994066679999236,40.451750935713896,40.542916251500806,94640000
2018-01-08,40.755615234375,41.05014835465228,40.65743396076007,40.755615234375,82271200
2018-01-09,40.75096130371094,40.921603346574265,40.53590474782042,40.80238825912582,86336000
2018-01-10,40.741607666015625,40.74394752463994,40.44006195266457,40.47746402207704,95839600
2018-01-11,40.9730224609375,41.02211311511454,40.7883555686387,40.81172918317203,74670800
2018-01-12,41.396121978759766,41.45923751339591,41.05951054984298,41.18340176092249,101672400
2018-01-16,41.18574905395508,41.933772604993706,41.17406046145214,41.58547252280897,118263600
2018-01-17,41.86598205566406,41.90104426428869,40.923939337469655,41.176394373281866,137547200
2018-01-18,41.903385162353516,42.09974425280953,41.66729127565983,41.92909864045741,124773600
2018-01-19,41.716365814208984,41.97817307780297,41.4709197211614,41.75142801313444,129700400
2018-01-22,41.375091552734375,41.55742217931307,41.28158994771982,41.44521953992409,108434400
2018-01-23,41.38442611694336,41.94544625551665,41.333002748592435,41.445205349564546,130756400
2018-01-24,40.72525405883789,41.44522797797756,40.48682028059191,41.4335393832566,204420400
2018-01-25,39.998252868652344,40.89588096747637,39.86267306723772,40.79302707903376,166116000
2018-01-26,40.091758728027344,40.206301219057266,39.75281097181956,40.206301219057266,156572000
2018-01-29,39.26192855834961,39.776194571434615,39.053884434411934,39.776194571434615,202561600
2018-01-30,39.03049087524414,39.123992450453756,38.499860340445615,38.6938794975192,184192800
2018-01-31,39.138023376464844,39.37412077565685,38.92063057543217,39.00711972420556,129915600
2018-02-01,39.21984100341797,39.41619648711814,38.98140730643512,39.07724875688061,188923200
2018-02-02,37.51809310913086,38.990766636131845,37.42459150008796,38.8037598511883,346375200
2018-02-05,36.58072280883789,38.30819107991556,36.46618031736213,37.19083019912959,290954000
2018-02-06,38.10948944091797,38.270782705665994,35.99865925194776,36.19267842788692,272975200
2018-02-07,37.29368209838867,38.195986484247946,37.18381931919892,38.12352220639921,206434400
2018-02-08,36.26748275756836,37.634965863191155,36.23943299272922,37.46899643189285,217562000
2018-02-09,36.711090087890625,37.058460813619604,35.26292594672998,36.865999961496776,282690400
2018-02-12,38.189762115478516,38.466718895803275,36.96926416827277,37.20162894435836,243278000
2018-02-13,38.57234191894531,38.66857413140311,37.94096978650724,38.01138368785197,130196800
2018-02-14,39.28351974487305,39.32342012499602,38.22967123455398,38.26722221611662,162579600
2018-02-15,40.60258483886719,40.626053748209934,39.66608832808962,39.85150811191413,204588800
2018-02-16,40.47113800048828,41.032099647351984,40.31623176094722,40.45471012448488,160704400
2018-02-20,40.33502197265625,40.900671851907454,40.234094542494496,40.38196338095014,135722000
2018-02-21,40.151954650878906,40.86781930456375,40.1378690027883,40.56504412652464,149886400
2018-02-22,40.487579345703125,40.82790900653201,40.30215954364588,40.32328263855121,123967600
2018-02-23,41.19170379638672,41.22690894826849,40.73166951720412,40.762183036434294,135249600
2018-02-26,42.006160736083984,42.10473876856565,41.358360702033096,41.39122004619365,152648800
2018-02-27,41.870018005371094,42.360562232054455,41.81603557762197,42.036664084160634,155712400
2018-02-28,41.8066520690918,42.39342858513631,41.790224188970356,42.07422201715211,151128400
2018-03-01,41.07436752319336,42.196284246743396,40.525145411276526,41.905241724703394,195208000
2018-03-02,41.35835647583008,41.37947957033199,40.47584232615504,40.55799246886187,153816000
2018-03-05,41.50153732299805,41.71747068327421,40.96170213160757,41.12365304716473,113605600
2018-03-06,41.466331481933594,41.83717475100933,41.33958930254335,41.75737398689694,95154000
2018-03-07,41.08140563964844,41.273870095734,40.90302683123286,41.06028254024403,126814000
2018-03-08,41.52969741821289,41.57194361047891,41.09078970758341,41.18701833932262,95096400
2018-03-09,42.24320983886719,42.24790505333158,41.6353102868023,41.76909703854284,128740800
2018-03-12,42.651615142822266,42.80887083210406,42.29720338770059,42.31597708610445,128828400
2018-03-13,42.24086380004883,43.06939186938944,42.06952607769264,42.855804379874634,126774000
2018-03-14,41.88177490234375,42.36997355339062,41.73390602581202,42.32303213300936,117473600
2018-03-15,41.931053161621094,42.30424579003283,41.79492414608478,41.89584799922378,90975200
2018-03-16,41.78318405151367,42.04136357525891,41.68929765809745,41.931049301369676,157618800
2018-03-19,41.144771575927734,41.65409318133053,40.759846310114575,41.61888802159753,133787200
2018-03-20,41.13068389892578,41.49683183577984,41.060270007669395,41.13068389892578,78597600
2018-03-21,40.19889831542969,41.095491231721496,40.196548916582934,41.083754981689786,148219600
2018-03-22,39.63089370727539,40.52983232296425,39.572216046223105,39.90080951555583,165963200
2018-03-23,38.713165283203125,39.88202301847782,38.713165283203125,39.522916102330775,164115200
2018-03-26,40.55095291137695,40.62840784209897,39.06523432694473,39.4478137655839,150164800
2018-03-27,39.511173248291016,41.109551525655114,39.17788469603966,40.76452672958811,163690400
2018-03-28,39.07461166381836,39.90548902283633,38.771836627789,39.25533979150965,166674000
2018-03-29,39.379737854003906,40.311539072795284,39.17319141314366,39.3867788843606,153594000
2018-04-02,39.121559143066406,39.65200736477822,38.60285074845011,39.11217229534909,150347200
2018-04-03,39.522918701171875,39.60741466237426,38.69908576549835,39.34688574711688,121112000
2018-04-04,40.2786979675293,40.372580802376035,38.67327785440633,38.69909617119927,138422000
2018-04-05,40.557987213134766,40.89362160917028,40.38899531621928,40.506350601221754,107732800
2018-04-06,39.52058410644531,40.48289571302498,39.47833432314732,40.12848388752817,140021200
2018-04-09,39.91254806518555,40.62606688890287,39.865606649917375,39.87264768313758,116070800
2018-04-10,40.66361999511719,40.83965298210904,40.25991739177053,40.60494233278657,113634400
2018-04-11,40.4734992980957,40.82087000785947,40.29981215251393,40.42420849279554,89726400
2018-04-12,40.87250900268555,41.07436028792793,40.61432587688714,40.70117124541933,91557200
2018-04-13,41.010982513427734,41.271511425086416,40.8044396188746,41.02271875981588,100497200
2018-04-16,41.266815185546875,41.35365695260684,41.03445042603608,41.0813918249496,86313600
2018-04-17,41.83481979370117,41.99911650197846,41.40529895401935,41.42407623230813,106421600
2018-04-18,41.740943908691406,41.970962939576346,41.51562367531091,41.7339028752358,83018000
2018-04-19,40.557987213134766,41.165886729911804,40.525127876590034,40.78330735475603,139235200
2018-04-20,38.896244049072266,40.1871524529709,38.82817596401007,40.04163301530664,261964400
2018-04-23,38.78357696533203,39.17788901493464,38.51365765341196,39.156765922577186,146062000
2018-04-24,38.243751525878906,39.03942043706122,37.84004894625956,38.88451055807703,134768000
2018-04-25,38.41038131713867,38.82582000686568,38.11934251782164,38.16862972933229,113528400
2018-04-26,38.54417419433594,38.89858590345385,38.344668756042076,38.520701702278025,111852000
2018-04-27,38.09822463989258,38.56999163589468,37.701563170268216,38.492536711524295,142623200
2018-04-30,38.788272857666016,39.25769406239759,37.98556302734298,38.053631107612816,169709600
2018-05-01,39.6895637512207,39.71303266229741,38.790621726653995,39.05819166644517,214277600
2018-05-02,41.442848205566406,41.71980496672397,40.792698905965494,41.1283333112394,266157600
2018-05-03,41.51795196533203,41.66112555415438,40.942911793681255,41.280895582468375,136272800
2018-05-04,43.1468505859375,43.245428609444815,41.81838771321594,41.8371649912268,224805200
2018-05-07,43.45901107788086,44.048133333878766,43.36277888225993,43.4637027107898,169805600
2018-05-08,43.667903900146484,43.70780426877287,43.109291576578705,43.419111259653036,113611200
2018-05-09,43.975379943847656,43.98476679241279,43.473099382720285,43.78526492315641,92844800
2018-05-10,44.604400634765625,44.68185556216297,44.04344244670562,44.064569122468185,111957200
2018-05-11,44.43476486206055,44.7811202353957,44.16616310265883,44.64682115330001,104848800
2018-05-14,44.33108901977539,44.65623981059255,44.26276205405801,44.53371864959899,83115200
2018-05-15,43.928192138671875,44.076631181678145,43.61246796024898,44.00830061465196,94780800
2018-05-16,44.33815383911133,44.40412953249525,43.82451341829647,43.84100824044488,76732400
2018-05-17,44.057777404785156,44.510159080061804,43.90933837555642,44.29574794788918,69176000
2018-05-18,43.89755630493164,44.25097982122303,43.85514720867744,44.104899251623095,73190800
2018-05-21,44.20858383178711,44.59499351368546,44.03894020605506,44.295760507851,73603200
2018-05-22,44.09782791137695,44.50308713532342,44.00829280986027,44.385279304995024,60962800
2018-05-23,44.38056564331055,44.41355169174006,43.76796349223717,43.90697946331335,80233600
2018-05-24,44.33108901977539,44.49366441518397,43.873997617810524,44.47717318699425,92936000
2018-05-25,44.43240737915039,44.6845142986647,44.21328291731223,44.34994044932966,69844000
2018-05-29,44.272193908691406,44.47246871582709,44.02950999616362,44.20151206637124,90056400
2018-05-30,44.177940368652344,44.29574820963541,44.00829679001992,44.22977610630169,74762000
2018-05-31,44.02949523925781,44.34993266615083,43.85749682190781,44.11196215460604,109931200
2018-06-01,44.82353210449219,44.828241829945235,44.23684771666393,44.293396778992886,93770000
2018-06-04,45.198158264160156,45.57278634857579,45.08506373956886,45.15339070780669,105064800
2018-06-05,45.54685974121094,45.69529874796764,45.32302559759376,45.490314287367944,86264000
2018-06-06,45.70472717285156,45.72829017819991,45.219359462438206,45.62226384455202,83734400
2018-06-07,45.582210540771484,45.756563841147845,45.3183185372882,45.74242747573462,85388800
2018-06-08,45.167518615722656,45.23820402855917,44.71278214467778,45.04264261096891,106627200
2018-06-11,45.05680465698242,45.23116162866846,44.816479149645374,45.08508099536027,73234000
2018-06-12,45.304176330566406,45.38192992552389,45.037929498912845,45.0944785484845,67644400
2018-06-13,44.931907653808594,45.445551685104874,44.87064887374254,45.33716689476205,86553600
2018-06-14,44.955474853515625,45.13689994342156,44.81881732042377,45.132186622912144,86440400
2018-06-15,44.4936637878418,44.8046782086226,44.357006263123864,44.7740470200036,246876800
2018-06-18,44.47011184692383,44.583206384745495,44.10726162839729,44.267482185920976,73939600
2018-06-19,43.751468658447266,43.902262523865325,43.22368833187938,43.621879337726426,134314000
2018-06-20,43.942325592041016,44.10725585377342,43.76090050653034,43.90698467710195,82514800
2018-06-21,43.69728469848633,44.37821385591246,43.57476354074038,44.119035175144084,102847600
2018-06-22,43.570045471191406,43.8598517133983,43.51820974068812,43.852783531530534,108801600
2018-06-25,42.92211151123047,43.5700546843232,42.58282432899554,43.21191781471853,126652400
2018-06-26,43.4546012878418,43.94939568980616,43.00928776415795,43.115317704014764,98276800
2018-06-27,43.39097595214844,44.126095578607035,43.36034476930958,43.64308281062371,101141200
2018-06-28,43.70671844482422,43.874007197044854,43.30617241801084,43.37685785690985,69460800
2018-06-29,43.61481857299805,44.10489961774891,43.09646479717635,43.89284334908779,90950800
2018-07-02,44.10253143310547,44.13080775314985,43.21661796791336,43.31086637604602,70925200
2018-07-03,43.334434509277344,44.283965391794474,43.244899402321124,44.24626602094871,55819200
2018-07-05,43.68315505981445,43.92112924889861,43.419266591740104,43.65016900130516,66416800
2018-07-06,44.28868103027344,44.39706223311594,43.636024569780716,43.68786030860455,69940800
2018-07-09,44.90363311767578,44.92719252665673,44.60204535912611,44.64916777229769,79026400
2018-07-10,44.849449157714844,45.0685700292257,44.80939132562234,44.934270952056835,63756400
2018-07-11,44.267478942871094,44.71514733555964,44.20386169710242,44.41355952665594,75326000
2018-07-12,45.009666442871094,45.09920155846209,44.60440715522057,44.65624289633007,72164400
2018-07-13,45.080345153808594,45.20050784745144,44.97902854938801,45.021441238162346,50055600
2018-07-16,44.98139572143555,45.3913647528247,44.865942730126086,45.12512144726553,60172400
2018-07-17,45.108604431152344,45.20756254850287,44.57846934842612,44.708058643245366,62138000
2018-07-18,44.86123275756836,45.191096930839265,44.750493078817286,45.18638360966393,65573600
2018-07-19,45.20994186401367,45.36780395227822,44.693942903525354,44.693942903525354,81147200
2018-07-20,45.10625076293945,45.33950790457706,44.80701794611392,45.186359203598656,82704800
2018-07-23,45.14632797241211,45.22879491198378,44.66331503037205,44.927203484664524,63957600
2018-07-24,45.47382354736328,45.62933074980564,45.24998938365914,45.34423421199465,74791600
2018-07-25,45.90264892578125,45.90971710862951,45.33952399399678,45.487963024230176,66839600
2018-07-26,45.75891876220703,46.171246165870855,45.61754792858129,45.85316358781776,76304000
2018-07-27,44.99789047241211,45.98983426357745,44.79055107768745,45.94271183728596,96096000
2018-07-30,44.74577713012695,45.2853354853208,44.547860810814726,45.21465005836353,84118000
2018-07-31,44.835304260253906,45.271194687816894,44.61147009280662,44.83766271788807,157492000
2018-08-01,47.47655487060547,47.53781364713079,46.489324692851646,46.918146914157724,271742800
2018-08-02,48.86433792114258,49.097598749071246,47.20560504150239,47.259795643672035,249616000
2018-08-03,49.005706787109375,49.182418547865296,48.41430912684515,48.7795141514494,133789600
2018-08-06,49.26016616821289,49.30257525994022,48.78893486345839,49.00805569446865,101701600
2018-08-07,48.79836654663086,49.36148791169574,48.715899615615555,49.31907881246056,102349600
2018-08-08,48.83134841918945,48.9632926213491,48.18811863605624,48.548610329531655,90102000
2018-08-09,49.215415954589844,49.42746867833868,48.81957964965833,49.36856474449613,93970400
2018-08-10,49.06880187988281,49.44001750555235,48.8654616408131,49.02860717781089,98444800
2018-08-13,49.38563537597656,49.877435128986555,49.10899869137438,49.48967042478114,103563600
2018-08-14,49.59370422363281,49.785221646005944,49.24140438229996,49.69064629919543,82992000
2018-08-15,49.70957565307617,49.82779667275431,49.257970492029095,49.46840376274341,115230400
2018-08-16,50.43781280517578,50.55366708451775,50.00039363053768,50.066597106681336,114001600
2018-08-17,51.445045471191406,51.53252784763982,50.399972372237514,50.46617583676359,141708000
2018-08-20,50.94379425048828,51.82335515995268,50.86103810842803,51.568000978126,121150800
2018-08-21,50.8444938659668,51.3528464083779,50.60568870827155,51.260634158592694,104639200
2018-08-22,50.84684753417969,51.156585944720106,50.56075115648966,50.62222837910076,76072400
2018-08-23,50.95089340209961,51.31974238483337,50.74046014360053,50.7522793586269,75532800
2018-08-24,51.10931396484375,51.28427877137062,50.861049092863915,51.213349043221534,73905600
2018-08-27,51.53017807006836,51.719332421045124,51.149506246562076,51.343386840644364,82100400
2018-08-28,51.946311950683594,52.14492238496493,51.761887460591076,51.7831663768743,91107200
2018-08-29,52.721839904785156,52.8424276423776,51.8777437807323,52.0527085641898,109019200
2018-08-30,53.2065544128418,53.970261226879096,52.58471066461939,52.78568785096469,195175200
2018-08-31,53.821292877197266,54.11447864417697,53.43589126797498,53.556475387508385,173360400
2018-09-04,53.993900299072266,54.18778088108534,53.58485661111945,54.00572312173843,109560400
2018-09-05,53.64159393310547,54.30363223674393,53.22309420206611,54.14285341285009,133332000
2018-09-06,52.750213623046875,53.75509216076385,52.32461728550888,53.49027465750758,137160000
2018-09-07,52.32461929321289,53.286936430190956,52.18511936850075,52.45466312464746,150479200
2018-09-10,51.62238311767578,52.45465998116174,51.18260084633692,52.24186001307081,158066000
2018-09-11,52.92755126953125,53.033949464303724,51.2038868045044,51.54672703557977,142996000
2018-09-12,52.270240783691406,53.19945622059127,51.97941449205581,53.18527027618349,197114800
2018-09-13,53.53282928466797,53.991527300779616,52.62489295197468,52.8495121102655,166825600
2018-09-14,52.9251823425293,53.63450842198434,52.61308074363496,53.376787478992235,127997200
2018-09-17,51.51598358154297,52.714742633075524,51.371753818722354,52.5255883134687,148780400
2018-09-18,51.60110855102539,52.45466440089387,51.33629103116489,51.49470675410538,126286800
2018-09-19,51.63184356689453,51.927396096554034,50.90596843011665,51.66258218448119,108495200
2018-09-20,52.02433776855469,52.55633231761007,51.81626763486653,52.073992180573526,106435200
2018-09-21,51.46396255493164,52.338797164845985,51.37647656846738,52.201660382649074,384986800
2018-09-24,52.20403289794922,52.31516093786843,51.2204368199305,51.26536138174706,110773600
2018-09-25,52.5350456237793,52.68400522996359,51.94630377783899,51.958126598742545,98217600
2018-09-26,52.11654281616211,52.90389507297976,51.960490237444716,52.25367960280906,95938800
2018-09-27,53.18762969970703,53.53992959522191,52.85424559802705,52.9204526803586,120724800
2018-09-28,53.37441635131836,53.39805838572912,52.96773583814115,53.149793573596064,91717600
2018-10-01,53.73381042480469,54.244526037328285,53.51865093552065,53.89695599056796,94403200
2018-10-02,54.21142578125,54.381664323409666,53.584855874564354,53.73144877171672,99152800
2018-10-03,54.871097564697266,55.20211492695663,54.3296433555075,54.39348370673561,114619200
2018-10-04,53.90641784667969,54.93730520599613,53.60849859022037,54.566089500033,128168000
2018-10-05,53.031578063964844,54.00572162104816,52.15438020692258,53.89932343564714,134322000
2018-10-08,52.908626556396484,53.15216152411722,52.06452689730765,52.53977761918133,118655600
2018-10-09,53.64159393310547,53.736172895235825,52.549233077184034,52.87788730397269,107564000
2018-10-10,51.15659713745117,53.5186542874467,51.0833006862872,53.308221027600226,167962400
2018-10-11,50.704986572265625,51.89901940310349,50.20136756167063,50.721539244147124,212497600
2018-10-12,52.516136169433594,52.698197531427574,51.27008573845108,52.11654858627355,161351600
2018-10-15,51.393043518066406,52.44993975756,51.37176459969738,52.2915240188917,123164000
2018-10-16,52.525596618652344,52.72421066994395,51.251174194641926,51.764252977522055,116736000
2018-10-17,52.29862976074219,52.641470091287474,51.86121042354358,52.561080641497306,91541600
2018-10-18,51.076202392578125,51.955766930543895,50.36214653480621,51.51125481132157,130325200
2018-10-19,51.85409927368164,52.315160495072206,51.40958711776718,51.5585467461468,132314800
2018-10-22,52.170928955078125,52.81168840057024,51.766615131446095,51.967588678689886,115168400
2018-10-23,52.662723541259766,52.785674386526175,50.76409464590403,51.0312752497084,155071200
2018-10-24,50.85630798339844,53.01738767953561,50.726264164214655,52.63198967990546,163702000
2018-10-25,51.96996307373047,52.34354194395916,51.24881410296684,51.47580005736859,119423200
2018-10-26,51.14241027832031,52.062169603151254,50.284124580632735,51.04783130446249,189033600
2018-10-29,50.182456970214844,51.94394934491909,48.728336343503514,51.82572833174674,183742000
2018-10-30,50.433082580566406,50.87759111597405,49.480221547617695,49.92473008302534,146640000
2018-10-31,51.7476921081543,52.123633992083754,51.218060771877376,51.27953799594369,153435600
2018-11-01,52.54214859008789,52.575250330223895,51.262996332298286,51.792627782293415,233292800
2018-11-02,49.05699157714844,50.51583847534508,48.572284692079506,49.546428313026276,365314800
2018-11-05,47.66434097290039,48.326379281390906,46.85570978180658,48.30510036768756,264654800
2018-11-06,48.179786682128906,48.40440585745062,47.68798689600997,47.74236754506671,127531600
2018-11-07,49.6410026550293,49.66701142221143,48.264911939279166,48.69996440139942,133697600
2018-11-08,49.46780776977539,49.854550593236844,49.05496180600561,49.82133335158234,101450400
2018-11-09,48.513980865478516,48.87937043055105,47.98724786748592,48.77022964453493,137463200
2018-11-12,46.07014083862305,47.417819511836335,45.979978204665024,47.21614107916425,204542000
2018-11-13,45.60982894897461,46.784299734622806,45.42476100071037,45.46747093822109,187531600
2018-11-14,44.32146453857422,46.14367287623594,44.115039841587716,46.00605761838032,243204000
2018-11-15,45.41527557373047,45.54814450930108,44.34519912826086,44.69872824786671,185915200
2018-11-16,45.91827392578125,46.2599389233287,44.9525992928305,45.19935533527785,147713200
2018-11-19,44.09843063354492,45.24680167665356,43.8920095682225,45.08071555395701,167701200
2018-11-20,41.991519927978516,43.05685024606256,41.642737087863985,42.32132097035258,271300800
2018-11-21,41.9440803527832,42.772143888521114,41.8895099299791,42.64401761883112,124496800
2018-11-23,40.87873077392578,41.90135460850539,40.83365308403461,41.507490510580666,94496000
2018-11-26,41.43156051635742,41.50985905728153,40.39707629811021,41.34140152229291,179994000
2018-11-27,41.341400146484375,41.467151357006,40.544182944086934,40.693658680506765,165549600
2018-11-28,42.93109130859375,43.014132585864616,41.505114329859374,41.932195651447095,184250000
2018-11-29,42.60129165649414,43.37240942608668,42.16234624717858,43.33919219005899,167080000
2018-11-30,42.37114334106445,42.78636061112032,42.00337874921922,42.77686790323383,158126000
2018-12-03,43.851680755615234,43.88015163194145,42.995146895539094,43.76626450623012,163210000
2018-12-04,41.92271423339844,43.27513564881861,41.82306251019987,42.933470529047675,165377200
2018-12-06,41.455291748046875,41.469527189200136,40.43504289397928,40.75297981442607,172393600
2018-12-07,39.977115631103516,41.40071754199759,39.9320343246601,41.163450556848574,169126400
2018-12-10,40.240478515625,40.35673701084698,38.75281363862703,39.149049033793,248104000
2018-12-11,40.010337829589844,40.76009884419869,39.62359143727057,40.729256594178395,189126800
2018-12-12,40.12185287475586,40.79094396093765,40.10287107949015,40.43029709170368,142510800
2018-12-13,40.56079864501953,40.94517370109351,40.22862624634583,40.451657837058576,127594400
2018-12-14,39.262939453125,40.117102042698306,39.21548678046134,40.09812024955147,162814800
2018-12-17,38.897544860839844,39.94389299264908,38.610450254681176,39.255816656585765,177151600
2018-12-18,39.4029426574707,39.74935053997611,39.00433211137292,39.2392278057024,135366000
2018-12-19,38.173885345458984,39.73035619895045,37.746804045316345,39.386319792315824,196189200
2018-12-20,37.210575103759766,38.46334427312084,36.84755697061572,38.057616207627134,259092000
2018-12-21,35.76325225830078,37.52614787017046,35.50226074249866,37.217700060216195,382978400
2018-12-24,34.83791732788086,35.95781796306272,34.780971939167266,35.151107914787005,148676800
2018-12-26,37.29124450683594,37.30547994396388,34.81180570914823,35.18668790861084,234330000
2018-12-27,37.049251556396484,37.19635960176957,35.60667095581887,36.97569934391403,212468400
2018-12-28,37.06822967529297,37.61157323941613,36.66962277481481,37.369559838178496,169165600
2018-12-31,37.4265022277832,37.81087365387044,37.12754345601977,37.61394158656188,140014000
2019-01-02,37.46920394897461,37.6898641400753,36.59368814570471,36.75028523353009,148158800
2019-01-03,33.73699951171875,34.57455183641599,33.69191819683805,34.16170590164323,365248800
2019-01-04,35.17720031738281,35.24600976737911,34.11899163910133,34.292195516680664,234428400
2019-01-07,35.098899841308594,35.312442278685964,34.61724819958452,35.281596415192155,219111200
2019-01-08,35.768001556396484,36.021878993464554,35.238897140785376,35.48565323681881,164101200
2019-01-09,36.37540054321289,36.664866551777166,35.502259784558376,35.89612022438251,180396400
2019-01-10,36.49165725708008,36.53199220371461,35.79409185202172,36.18320950118543,143122800
2019-01-11,36.133384704589844,36.46793199596804,35.94831676050969,36.27337496621485,108092800
2019-01-14,35.59005355834961,35.891383692191056,35.40498556947879,35.79173197667657,129756800
2019-01-15,36.318458557128906,36.3943821085161,35.601911260051914,35.65411028555859,114843600
2019-01-16,36.762149810791016,36.98518137158213,36.30185124837653,36.32083304295525,122278800
2019-01-17,36.980438232421875,37.40751959655014,36.36354252641356,36.58657410659207,119284800
2019-01-18,37.208213806152344,37.45971625451414,37.00890676859886,37.369553633249645,135004000
2019-01-22,36.3730354309082,37.18685958381331,36.21169197229735,37.11093601889627,121576000
2019-01-23,36.52013397216797,36.80959998409829,35.99340097474768,36.57470436511674,92522400
2019-01-24,36.23066711425781,36.65300204893597,36.00289284093378,36.56521442488471,101766000
2019-01-25,37.431236267089844,37.519027508765205,36.615040923074886,36.89026785958372,134142000
2019-01-28,37.084835052490234,37.091952773285364,36.458450279667375,36.963826558158345,104768400
2019-01-29,36.70045471191406,37.51902868886723,36.56521441598711,37.07296560813992,166348800
2019-01-30,39.20835876464844,39.42189754576404,38.01727780540658,38.73382492180851,244439200
2019-01-31,39.49073028564453,40.098133383670344,39.044667051603305,39.41243172091976,162958400
2019-02-01,39.50969314575195,40.0933678096817,39.369702895096495,39.6140911820077,130672400
2019-02-04,40.63197708129883,40.72925742817227,39.69002672443846,39.7208725954977,125982000
2019-02-05,41.32716369628906,41.54070616529914,40.89296827882337,41.013973143644144,144406400
2019-02-06,41.341400146484375,41.656965666225744,41.01159918712273,41.43867685735861,112958400
2019-02-07,40.55842590332031,41.27022697955856,40.416064239909666,40.90483373299473,126966800
2019-02-08,40.6060791015625,40.665650250891964,40.131891443963546,40.26771540968325,95280000
2019-02-11,40.372554779052734,40.796704677929405,40.329665299757814,40.75857827237781,83973600
2019-02-12,40.720458984375,40.74667043828146,40.436899701914584,40.5322157324539,89134000
2019-02-13,40.55127716064453,41.09933254456883,40.48932446490647,40.83960316682641,89960800
2019-02-14,40.69900131225586,40.80861016763848,40.36063769218149,40.43927202892135,87342800
2019-02-15,40.608455657958984,40.91345961424227,40.44880543364929,40.80623228578758,98507200
2019-02-19,40.7299919128418,40.85151940666658,40.38686508422347,40.43928799608219,75891200
2019-02-20,40.99209976196289,41.29948893444707,40.74428537587072,40.791941569049854,104457600
2019-02-21,40.76095962524414,41.07311184292857,40.57986465359283,40.93729152317362,68998800
2019-02-22,41.21607971191406,41.22322795767942,40.83720814261498,40.88486432636196,75652800
2019-02-25,41.516319274902344,41.90710582108216,41.44959988672047,41.49964124582385,87493600
2019-02-26,41.540157318115234,41.77129368525542,41.26374629243125,41.392422020496234,68280800
2019-02-27,41.6688232421875,41.69980140101289,41.158894387635335,41.273273603636405,111341600
2019-02-28,41.25897216796875,41.67835534148874,41.20416773449612,41.53776831669921,112861600
2019-03-01,41.69266128540039,41.73555077281449,41.19702882720667,41.52824431177665,103544800
2019-03-04,41.902347564697266,42.35508684168328,41.45437136174755,41.86422115680062,109744800
2019-03-05,41.82609176635742,41.93808580910875,41.590188724744905,41.923789316150554,78949600
2019-03-06,41.5854377746582,41.816574174024296,41.44723224254707,41.6211790174735,83241600
2019-03-07,41.10409164428711,41.56636432916655,40.98971605951243,41.43054036805001,99185600
2019-03-08,41.20179748535156,41.23992389992285,40.38924599998411,40.58464114771072,95997600
2019-03-11,42.629112243652344,42.68153514499979,41.783204847044914,41.81656454463562,128044000
2019-03-12,43.10806655883789,43.52744613325643,42.74110624977912,42.89122670675174,129870400
2019-03-13,43.2986946105957,43.677566237487994,43.11044774766869,43.42736668986569,124130000
2019-03-14,43.78002166748047,43.86818942807558,43.50122916555662,43.82052960680952,94318000
2019-03-15,44.34952926635742,44.63785523657547,43.78241438212483,44.04691043760487,156171600
2019-03-18,44.80226135253906,44.89042547105156,44.27088419713954,44.273269369596825,104879200
2019-03-19,44.44721984863281,45.033401481377794,44.30186611779311,44.880899504425805,126585600
2019-03-20,44.835628509521484,45.152547444755115,44.018310490038075,44.375737368520994,124140800
2019-03-21,46.486942291259766,46.782416507691266,45.22879987925223,45.27884124565531,204136800
2019-03-22,45.524253845214844,47.10646275868204,45.45991601301144,46.546492736774915,169630800
2019-03-25,44.973846435546875,45.74588637945124,44.46391742674594,45.6338923023652,175381200
2019-03-26,44.50917053222656,45.96032623886354,43.982563700573884,45.66961879021226,199202000
2019-03-27,44.90949249267578,45.2168779833319,44.4519865617811,44.976211880352054,119393600
2019-03-28,44.96906661987305,45.169224796190974,44.685507385455566,45.02387105568849,83121600
2019-03-29,45.26216125488281,45.29313941789581,44.92617907983829,45.23356826498443,94256000
2019-04-01,45.56954574584961,45.67438790998863,44.8880516813076,45.66485812631572,111448000
2019-04-02,46.23197937011719,46.33682517645646,45.52427381326158,45.533803597504026,91062800
2019-04-03,46.54890060424805,46.822926454826096,46.02467154689668,46.0485014625707,93087200
2019-04-04,46.62992477416992,46.791956594513735,46.02229817601004,46.41546640285363,76457200
2019-04-05,46.94207000732422,46.965899923630765,46.68710371939616,46.81101273950768,74106400
2019-04-08,47.68073654174805,47.71171105862545,46.784784370030366,46.803847568996,103526800
2019-04-09,47.537776947021484,48.33603179875124,47.473439087978925,47.73317206117505,143072800
2019-04-10,47.804649353027344,47.833245973912184,47.2232344194669,47.34237670467407,86781200
2019-04-11,47.40672302246094,47.89520720622881,47.285199178784595,47.85946596865772,83603200
2019-04-12,47.387657165527344,47.690279625122976,46.753822893813584,47.46629151971839,111042800
2019-04-15,47.47343444824219,47.62117335589848,47.182726978383926,47.31855093020654,70146400
2019-04-16,47.47820281982422,47.983364968636586,47.3137858769923,47.52824418170382,102785600
2019-04-17,48.40275192260742,48.462323072559556,47.32570451341118,47.547307445984586,115627200
2019-04-18,48.576698303222656,48.64579923684503,48.25739781446443,48.40036639173176,96783200
2019-04-22,48.736351013183594,48.83404857594951,48.214507135311784,48.331267903197975,77758000
2019-04-23,49.43928527832031,49.50362313511346,48.58622601734535,48.71251655805477,93292000
2019-04-24,49.36302947998047,49.67756320312822,49.336818033390344,49.41068566398058,70162400
2019-04-25,48.91506576538086,49.506010596011244,48.87693935413123,49.28440764800036,74172800
2019-04-26,48.681549072265625,48.84834758072015,48.16208670486749,48.82451766411174,74596400
2019-04-29,48.75541305541992,49.079480262865886,48.576699602106366,48.70537168868094,88818800
2019-04-30,47.81657028198242,48.46708622241454,47.44484688744978,48.38607033097731,186139600
2019-05-01,50.163673400878906,51.30505499845377,49.85628424061624,50.01117140720834,259309200
2019-05-02,49.837223052978516,50.671219159962654,49.59417537681596,50.00164001010491,127985200
2019-05-03,50.4567756652832,50.47822041159557,50.09458197184361,50.25185071667156,83569600
2019-05-06,49.677581787109375,49.76336440477367,48.49092527269926,48.679168542496804,129772400
2019-05-07,48.338401794433594,49.42497871204055,47.85468447046325,49.05802212127921,155054800
2019-05-08,48.34794235229492,48.92935733960514,48.073916525359294,48.109657759852,105358000
2019-05-09,47.82848358154297,48.05723475366527,46.86104872008744,47.75223076687932,139634400
2019-05-10,47.1658935546875,47.56536448730354,46.11101450339134,47.22330340337194,164834800
2019-05-13,44.42463302612305,45.32403198718554,43.738123877782556,44.90064671970861,229722400
2019-05-14,45.12789535522461,45.37666407819567,44.35048807727735,44.589690316645736,146118800
2019-05-15,45.668479919433594,45.86701816748591,44.4963906935112,44.55619123871001,106178800
2019-05-16,45.46755599975586,46.03924912918253,45.17094394873877,45.42689206250881,132125600
2019-05-17,45.209224700927734,45.663707510433305,44.673410353458074,44.714074297471804,131516400
2019-05-20,43.7955322265625,44.09692935038118,43.12337459318291,43.89839107594167,154449200
2019-05-21,44.6351318359375,44.970013454882476,44.180645467442574,44.30503163302324,113459200
2019-05-22,43.72138214111328,44.42224655428425,43.66636665166303,44.17108348949689,118994400
2019-05-23,42.975074768066406,43.18557025463366,42.53254916971738,43.008562935243226,146118800
2019-05-24,42.81001663208008,43.568287143398116,42.72629440483175,43.10423430651815,94858800
2019-05-28,42.63301467895508,43.197532117519515,42.55647185928589,42.79806481034798,111792800
2019-05-29,42.429691314697266,42.90091998412499,42.09959108029265,42.200055575560086,113924800
2019-05-30,42.64976119995117,42.87221753680418,42.259860370916826,42.5660389538605,84873600
2019-05-31,41.877132415771484,42.57560242696121,41.85799580108924,42.15460420382392,108174400
2019-06-03,41.453739166259766,42.558852087002684,40.72895684162504,42.003904918771,161584400
2019-06-04,42.97029113769531,43.01574014822659,41.74557681150609,41.96564243887218,123872000
2019-06-05,43.663970947265625,44.250019297013125,43.32908930449805,44.080184117507756,119093600
2019-06-06,44.3050422668457,44.36484283100569,43.57068958699141,43.79314958363369,90105200
2019-06-07,45.484310150146484,45.90769918974606,44.436606690203384,44.613614033925494,122737600
2019-06-10,46.06556701660156,46.732939648630975,45.83593126422042,45.88138027302039,104883600
2019-06-11,46.59899139404297,46.88364266564571,46.30955870522477,46.61095223695524,107731600
2019-06-12,46.4506721496582,46.87645174018506,46.25930967471751,46.393262312195304,73012800
2019-06-13,46.44110870361328,47.072602406865755,46.30955040496847,46.57267065219424,86698400
2019-06-14,46.10383224487305,46.30715192007323,45.520178306772145,45.81918104965697,75046000
2019-06-17,46.3789176940918,46.63486581817367,45.96748958898146,46.14210618535647,58676400
2019-06-18,47.46968460083008,47.90981585388891,46.69467166608227,46.89560067509566,106204000
2019-06-19,47.3309440612793,47.811742879326864,47.1969913965281,47.76389951339883,84496800
2019-06-20,47.71126937866211,47.986350431164496,47.36920835648545,47.9289405928447,86056000
2019-06-21,47.548614501953125,48.04376482331306,47.39791594328948,47.55339956808391,191202400
2019-06-24,47.50077819824219,47.87871815109603,47.40270441017317,47.49120806529403,72881600
2019-06-25,46.780784606933594,47.663437821269206,46.713804620677834,47.46489952077428,84281200
2019-06-26,47.7926139831543,48.07726526670011,47.206569155232486,47.30703367002449,104270000
2019-06-27,47.77824783325195,48.215988288918595,47.737583898017675,47.90980612080103,83598800
2019-06-28,47.342891693115234,47.72083154888815,47.13478697915203,47.52468402313428,124442400
2019-07-01,48.21120834350586,48.91446345681218,47.99592415477376,48.59871477331292,109012000
2019-07-02,48.49346160888672,48.589144680081205,48.16575575864351,48.17771659878482,67740800
2019-07-03,48.89532470703125,48.90250048134883,48.48389661312159,48.625025041282115,45448000
2019-07-05,48.852272033691406,49.055595395919944,48.534132619231094,48.641776546255905,69062000
2019-07-08,47.8452262878418,48.1753228503153,47.460110590009364,48.03419442469582,101354400
2019-07-09,48.13705825805664,48.20164023244244,47.555794939029724,47.64908366307894,82312000
2019-07-10,48.61305618286133,48.732657268342905,48.213588995345106,48.28295966888828,71588400
2019-07-11,48.25904846191406,48.890542184265826,48.24948197897164,48.63220334558516,80767200
2019-07-12,48.62980651855469,48.79724732350111,48.36668264654188,48.42648319473245,70380800
2019-07-15,49.08668899536133,49.24455968604115,48.797252704231944,48.81878002796971,67789600
2019-07-16,48.91685485839844,49.30197058543267,48.67765263415199,48.93838218259591,67467200
2019-07-17,48.64177322387695,49.057982753514956,48.62263660815599,48.80921404901501,56430000
2019-07-18,49.1943359375,49.246960724844214,48.72549791841606,48.7972593238797,74162400
2019-07-19,48.4599723815918,49.395253851076205,48.404956898073856,49.225418684647934,83717200
2019-07-22,49.567474365234375,49.56986507297719,48.70395437846678,48.71352085937351,89111600
2019-07-23,49.95499038696289,49.97173629421098,49.5842262186613,49.86409602597792,73420800
2019-07-24,49.9143180847168,50.02913410826558,49.55551481743322,49.67511590652774,59966400
2019-07-25,49.5196418762207,50.05067106733842,49.45027119228103,49.96694883497979,55638400
2019-07-26,49.69186782836914,50.16787788464866,49.548345044101694,49.62967291854977,70475600
2019-07-29,50.155921936035156,50.385557683272346,49.85931350619357,49.864098572785444,86693600
2019-07-30,49.940643310546875,50.27074356929918,49.5890157262072,49.935858243770845,135742800
2019-07-31,50.95965576171875,52.952211334300365,50.543446100777714,51.7681606937937,277125600
2019-08-01,49.85691452026367,52.153257179746014,49.452665854213244,51.16535089156151,216071600
2019-08-02,48.80204391479492,49.378518561545334,48.23035068507519,49.163237997191345,163448400
2019-08-05,46.24736404418945,47.517527460024354,46.06557164067767,47.3596567424727,209572000
2019-08-06,47.122840881347656,47.3787890279519,46.4148006509655,46.957790753154114,143299200
2019-08-07,47.610816955566406,47.73520315465886,46.36218449713358,46.74251522038932,133457600
2019-08-08,48.66090774536133,48.68482942826137,47.6945323451434,47.88828556685008,108038000
2019-08-09,48.25992965698242,48.684923651503915,47.85173786990309,48.33436350922728,98478800
2019-08-12,48.1374626159668,48.514438725738295,47.818114477569125,47.93096696496544,89927600
2019-08-13,50.1760139465332,50.937165649678846,48.13746950693572,48.267131545137225,188874000
2019-08-14,48.68251037597656,49.568520645476625,48.64409173261856,48.78095677565512,146189600
2019-08-15,48.440006256103516,49.256382389403456,47.942974606430376,48.852997569788144,108909600
2019-08-16,49.58292770385742,49.741401862998586,48.94423148463047,49.049880924057916,110481600
2019-08-19,50.507362365722656,51.078824190677665,50.43052506876509,50.57218971325113,97654400
2019-08-20,50.5097541809082,51.22768744778922,50.50015135220696,50.634612936844775,107537200
2019-08-21,51.057212829589844,51.29972366781528,50.80749895306689,51.141253161466004,86141600
2019-08-22,51.01399612426758,51.48941498513007,50.60340461002002,51.189276167751544,89014800
2019-08-23,48.656105041503906,50.91555099493653,48.262323049739784,50.28645752648354,187272000
2019-08-26,49.58053207397461,49.748609076351144,49.23717136701609,49.42926093993379,104174400
2019-08-27,49.021080017089844,50.07516753420753,48.86980886104783,49.90949029926712,103493200
2019-08-28,49.35001754760742,49.395639227523624,48.819374246211396,49.006660548328036,63755200
2019-08-29,50.185611724853516,50.26004923163214,49.621352927714746,50.06315640226348,83962000
2019-08-30,50.12078094482422,50.5313687808023,49.751007883111264,50.46173818969739,84573600
2019-09-03,49.39084243774414,49.69818428979416,49.03547910827453,49.56612247903739,80092000
2019-09-04,50.22883987426758,50.29847047880786,49.77983330506893,50.03675026808803,76752400
2019-09-05,51.21088409423828,51.376561303793046,50.78588651283309,50.90354224548307,95654800
2019-09-06,51.20608139038086,51.48461108870742,51.0259981022255,51.39577117230135,77449200
2019-09-09,51.42459487915039,51.96964811295189,50.68025265249834,51.58546887972169,109237600
2019-09-10,52.03207015991211,52.051279485915714,50.83391821884729,51.35015557390354,127111600
2019-09-11,53.68642807006836,53.71524388706847,52.27937718938957,52.36101772978543,177158400
2019-09-12,53.566375732421875,54.36594600540606,53.51115121424335,53.976967258907166,128906800
2019-09-13,52.524295806884766,53.014120770564304,52.10890468762575,52.82443464006696,159053200
2019-09-16,52.800411224365234,52.85563939626761,52.2385523233491,52.279370756622576,84632400
2019-09-17,52.99250793457031,53.02132375192014,52.61313203639829,52.81482810263167,73274800
2019-09-18,53.48954772949219,53.50875705605579,52.68997737232846,53.07895615977941,101360000
2019-09-19,53.05494689941406,53.72725500568296,52.913278574917605,53.3070606073627,88242400
2019-09-20,52.279388427734375,53.43912547264002,52.21696086112126,53.155796135159825,221652400
2019-09-23,52.51708221435547,52.786005382427604,52.26016166615533,52.57230672269813,76662000
2019-09-24,52.267372131347656,53.42230937106519,52.14972006049818,53.071745622463716,124763200
2019-09-25,53.071754455566406,53.18460696208919,52.1377224527618,52.47627997233017,87613600
2019-09-26,52.79802322387695,53.050140581036125,52.54350607497872,52.82443558822323,75334000
2019-09-27,52.541099548339844,53.05493702755311,52.17132649489073,52.95408716657338,101408000
2019-09-30,53.77767562866211,53.92414352515708,53.01412053525755,53.04053289901251,103909600
2019-10-01,53.92654037475586,54.798144667313224,53.832897210879736,54.04179631783716,139223200
2019-10-02,52.5747184753418,53.68403038252034,52.3274007167669,53.55917160743665,138449200
2019-10-03,53.021339416503906,53.05495482684014,51.65510655390111,52.447470320941555,114426000
2019-10-04,54.50761032104492,54.622866267592265,53.7584649875072,54.17865934180888,138478800
2019-10-07,54.519622802734375,55.20874044968746,54.22668698362583,54.32993665616627,122306000
2019-10-08,53.88091278076172,54.75972001542837,53.86410691411583,54.22187366190399,111820000
2019-10-09,54.51240158081055,54.69488462700976,54.17864742790999,54.51240158081055,74770400
2019-10-10,55.24715805053711,55.33119839486909,54.577249742952276,54.728517233423744,113013600
2019-10-11,56.716636657714844,57.059993724351415,55.78020129962542,55.93387223570824,166795600
2019-10-14,56.63499069213867,57.17764399561088,56.34685817252537,56.402082686698684,96427600
2019-10-15,56.5029296875,57.06238516671115,56.39728024743835,56.75984658601028,87360000
2019-10-16,56.27482986450195,56.48372898515924,55.99390035444989,56.03471879637498,73903200
2019-10-17,56.49332046508789,56.70221587996945,56.07072638906214,56.44769878510148,67585200
2019-10-18,56.7646598815918,57.045589398505086,56.255621913343404,56.327655968301634,97433600
2019-10-21,57.74911117553711,57.864367125177715,56.9831599524487,57.0311814328969,87247200
2019-10-22,57.6170539855957,58.1549004377134,57.535413437281406,57.905186536916496,82293600
2019-10-23,58.39020919799805,58.40461894002899,57.9195935448391,58.1308924623088,75828800
2019-10-24,58.48625564575195,58.77919144814045,58.06125802035155,58.7095571851868,69275200
2019-10-25,59.20658874511719,59.242603940499954,58.31817850890162,58.38540931615225,73477200
2019-10-28,59.79966354370117,59.847685025604804,59.240204303203505,59.40828132176833,96572800
2019-10-29,58.41661071777344,59.967729579429026,58.24373414734281,59.780443269642596,142839600
2019-10-30,58.40940856933594,58.89923712839204,57.91718388272271,58.76957511884041,124522000
2019-10-31,59.73001480102539,59.82846119653532,56.96873812720348,59.36504869598907,139162000
2019-11-01,61.425201416015625,61.45161011032848,59.82606118200727,59.917300876024065,151125200
2019-11-04,61.82858657836914,61.91262689943389,61.31955239720896,61.787764481529685,103272000
2019-11-05,61.73976516723633,61.994282334049466,61.5452757723623,61.720552176754836,79897600
2019-11-06,61.76616287231445,61.826190633565766,61.31715639057186,61.65331038805769,75864400
2019-11-07,62.47903823852539,62.70060689193552,62.16113826391426,62.31286358586997,94940400
2019-11-08,62.650020599365234,62.72226723714008,61.85768150693457,62.30081136770355,69986400
2019-11-11,63.146141052246094,63.2111630337341,62.20207656212333,62.2068905553272,81821200
2019-11-12,63.08833312988281,63.28822775645039,62.837873203264316,62.989591152239775,87388800
2019-11-13,63.69281768798828,63.76747499464725,62.873990636188424,62.888439963309075,102734400
2019-11-14,63.25211715698242,63.79157846079341,63.122065824953324,63.51943713712157,89182800
2019-11-15,64.00350189208984,64.00831588526924,63.341214024330995,63.50256731633181,100206400
2019-11-18,64.32622528076172,64.40569660274649,63.635038653115814,64.01313928749168,86703200
2019-11-19,64.13113403320312,64.54295455850364,63.914386775129536,64.51886989658281,76167200
2019-11-20,63.38456726074219,64.08056783760952,62.71264400137363,63.95052386452542,106234400
2019-11-21,63.10038375854492,63.58204767524024,62.90048911733583,63.50497968466305,121395200
2019-11-22,63.044979095458984,63.38214231017823,62.81859650494602,63.240052360746795,65325200
2019-11-25,64.15038299560547,64.16724299013734,63.223178841221305,63.26893748374765,84020400
2019-11-26,63.64946365356445,64.34065001699554,63.21837250317687,64.28766670605624,105207600
2019-11-27,64.50440979003906,64.53812978101467,63.895105428258134,63.96012738993233,65235600
2019-11-29,64.36233520507812,64.54295915794552,64.03721061999535,64.20579591584789,46617600
2019-12-02,63.61817932128906,64.60318127783115,63.4471906663846,64.3671632819168,94487200
2019-12-03,62.48384094238281,62.50310426103313,61.722811237581595,62.20928904177194,114430400
2019-12-04,63.03535842895508,63.41346639147771,62.780077124864164,62.87400512239632,67181600
2019-12-05,63.96013641357422,64.03480106846754,63.27377133913998,63.529052579721196,74424400
2019-12-06,65.19561767578125,65.26546100190234,64.37437981221761,64.41773515061479,106075600
2019-12-09,64.28286743164062,65.21728922547906,63.79879285948436,65.02462660501106,128042400
2019-12-10,64.65857696533203,65.04149895721667,64.02759096181438,64.68747562892948,90420400
2019-12-11,65.21006774902344,65.28954641231785,64.66338184077233,64.73803916107421,78756800
2019-12-12,65.37623596191406,65.64115256416365,64.3791955584024,64.48997619221315,137310400
2019-12-13,66.26487731933594,66.30100062433199,65.24856669102263,65.37620726841155,133587600
2019-12-16,67.39921569824219,67.62319496321233,66.70562596191743,66.71043995432287,128186000
2019-12-17,67.53168487548828,67.85921278461262,67.14394163202556,67.32938692874545,114158400
2019-12-18,67.3703384399414,67.89053641959352,67.22102378228007,67.38478777135322,116028400
2019-12-19,67.4377670288086,67.71713300190731,67.18008240112675,67.31253704760239,98369200
2019-12-20,67.2980728149414,68.07114122602003,67.08613954782287,67.96999593464518,275978000
2019-12-23,68.3962631225586,68.45647110065944,67.52204210459728,67.56057609253462,98572000
2019-12-24,68.46127319335938,68.6105951267645,68.13615604781086,68.56242581281376,48478800
2019-12-26,69.8196029663086,69.8364629694818,68.56487035875298,68.59376902155901,93121200
2019-12-27,69.7930908203125,70.79736320865955,69.38849493923185,70.11099073385043,146266000
2019-12-30,70.20732879638672,70.48910541724575,68.69009042144484,69.7112155576161,144114400
2019-12-31,70.72030639648438,70.72753106158736,69.72566918619233,69.82441117567208,100805600
2020-01-02,72.3338851928711,72.39409318664748,71.09119131937346,71.34406195339083,135480400
2020-01-03,71.63064575195312,72.38926493117573,71.40667380039741,71.56321309934685,146322800
2020-01-06,72.20143127441406,72.23996527669502,70.50356859981315,70.75403593983464,118387200
2020-01-07,71.86183166503906,72.46631471524569,71.64267376172208,72.21103349810856,108872000
2020-01-08,73.01783752441406,73.31887745373415,71.56562119935828,71.56562119935828,132079200
2020-01-09,74.56878662109375,74.76144921222713,73.7427349209394,73.99319481949146,170108400
2020-01-10,74.73737335205078,75.30092656417412,74.23644614635045,74.8024026801614,140644800
2020-01-13,76.33407592773438,76.36057125816924,74.9348431957367,75.05285582286368,121532000
2020-01-14,75.30333709716797,76.48100893453174,75.18051779267843,76.27148630079421,161954400
2020-01-15,74.98059844970703,75.98245997667709,74.54950731619692,75.10342506334987,121923600
2020-01-16,75.91986083984375,76.03064882750155,75.1612416745226,75.52248959606675,108829200
2020-01-17,76.7603759765625,76.76277929851412,75.86207008807327,76.16792404225187,137816400
2020-01-21,76.24017333984375,76.8302072165908,76.10289736234121,76.38948797518701,110843200
2020-01-22,76.51232147216797,77.0638214037391,76.41839347401398,76.72424743670398,101832400
2020-01-23,76.88076782226562,76.96023911310208,76.01858552983758,76.56527863051073,104472000
2020-01-24,76.65919494628906,77.86816833505755,76.4689357036674,77.1264093803084,146537600
2020-01-27,74.40504455566406,75.08418516629278,73.42485661478304,74.67236453066312,161940000
2020-01-28,76.50989532470703,76.68088393464757,75.18531972883665,75.28406170066347,162234000
2020-01-29,78.11144256591797,78.95676515736241,77.39858197163568,78.13793790519387,216229200
2020-01-30,77.99822998046875,78.05121329496869,76.76517176985938,77.19626294921763,126743200
2020-01-31,74.53990173339844,77.71165450707113,74.24608645041388,77.29019858022654,199588400
2020-02-03,74.33519744873047,75.49841264105945,72.7842389592195,73.28516622775322,173788400
2020-02-04,76.78926849365234,76.97952779146334,75.53212542449515,75.93672133535755,136616400
2020-02-05,77.41543579101562,78.21258898353346,76.81335589638837,77.91395235806485,118826800
2020-02-06,78.3209457397461,78.32335641079244,77.12883215929374,77.68515330009288,105425600
2020-02-07,77.25635528564453,78.06988383321008,76.76630651671353,77.82123854389138,117684000
2020-02-10,77.62329864501953,77.62329864501953,75.7644959675757,75.84415588740227,109348800
2020-02-11,77.15496826171875,78.19059132825674,76.93770658748598,78.11817322586252,94323200
2020-02-12,78.98721313476562,78.99203855171046,77.60396869052254,77.60396869052254,113730400
2020-02-13,78.42475128173828,78.75064746940821,78.05782062596876,78.26059867524006,94747600
2020-02-14,78.44407653808594,78.6927218682662,77.93712767417983,78.39337649475979,80113600
2020-02-18,77.00773620605469,77.18878887738555,75.94797103367979,76.12902370501065,152531200
2020-02-19,78.12297821044922,78.35231441979775,77.24909895722334,77.24909895722334,93984000
2020-02-20,77.32154846191406,78.37165530100644,76.81701596336808,77.8840228178166,100566000
2020-02-21,75.57136535644531,77.35775721221363,74.95578935685651,76.91598466630131,129554000
2020-02-24,71.98169708251953,73.43011814732492,69.8211400810818,71.75960997813098,222195200
2020-02-25,69.54353332519531,73.0318176639516,69.07280081018256,72.65040328612861,230673600
2020-02-26,70.64673614501953,71.90927916190874,69.16210602316792,69.16934783382864,198054800
2020-02-27,66.02870178222656,69.04142098650374,65.89351637245633,67.85854496748809,320605600
2020-02-28,65.99005126953125,67.20914325476264,61.88860853206062,62.10346116385855,426510000
2020-03-02,72.13378143310547,72.76867383608672,67.04258234775999,68.14338175177791,341397200
2020-03-03,69.8428726196289,73.38667475068135,68.99312746023453,73.30701482551375,319475600
2020-03-04,73.08248901367188,73.24181619852034,70.76260504877715,71.56164999828624,219178400
2020-03-05,70.7119140625,72.31241302487865,70.34739243241086,71.33955724756618,187572800
2020-03-06,69.77284240722656,70.20495666747604,67.88989834828591,68.07577636210152,226176800
2020-03-09,64.25438690185547,67.13191312620091,63.48913439783881,63.67018706247143,286744800
2020-03-10,68.8820571899414,69.14760244929552,65.02684393022976,66.90255338767554,285290000
2020-03-11,66.48976135253906,67.88748961967876,65.627949126833,66.96291749628936,255598800
2020-03-12,59.92359161376953,65.17894700154001,59.86806983845157,61.784814276675704,418474000
2020-03-13,67.1029052734375,67.5736448634502,61.0629910047646,63.94535195443854,370732000
2020-03-16,58.4703369140625,62.54280864814437,57.93683361708763,58.40756965352153,322423600
2020-03-17,61.04129409790039,62.187957132183904,57.55059758461941,59.74978379495811,324056000
2020-03-18,59.5470085144043,60.350882714180244,57.2416040580175,57.88132562490314,300233600
2020-03-19,59.09075164794922,61.03646337436918,58.56690646649194,59.72081496454535,271857200
2020-03-20,55.33933639526367,60.7926402539027,55.03999474688709,59.67011183513416,401693200
2020-03-23,54.16370391845703,55.16070158535809,51.32479999006741,55.05931255400759,336752800
2020-03-24,59.597694396972656,59.79323063321941,56.56083807077307,57.05812866753022,287531200
2020-03-25,59.269386291503906,62.34245170831376,58.97487373705756,60.53192552123785,303602000
2020-03-26,62.38832473754883,62.44625922344338,59.472169846872056,59.51079529315195,252087200
2020-03-27,59.8052978515625,61.767905586340525,59.63872886548187,61.01472792774082,204216800
2020-03-30,61.512027740478516,61.68342585318123,60.206033868463194,60.529517371062305,167976400
2020-03-31,61.3864860534668,63.365993747799614,60.833673734330254,61.70272768965909,197002000
2020-04-01,58.15651321411133,60.04187380235648,57.726815314664734,59.505957782413006,176218400
2020-04-02,59.126953125,59.18006218576405,57.1884834576866,58.01891202578832,165934000
2020-04-03,58.2772216796875,59.31284110700112,57.68819653151743,58.61277240805976,129880000
2020-04-06,63.36118698120117,63.515681414819454,60.20121554945302,60.568146275466354,201820400
2020-04-07,62.6273078918457,65.58933353543772,62.52350615550967,65.3720644929947,202887200
2020-04-08,64.23023986816406,64.54406151460887,63.061847651130236,63.42636197678972,168895200
2020-04-09,64.69371795654297,65.19584133375365,63.899505790640596,64.86511973614601,161834800
2020-04-13,65.9635238647461,66.07215841536981,64.17230617831575,64.77098966919036,131022800
2020-04-14,69.29488372802734,69.58457092501276,67.12225185179103,67.59299170512948,194994800
2020-04-15,68.66239929199219,69.12106449233013,67.7450688913163,68.17235045630129,131154400
2020-04-16,69.20797729492188,69.57249897577765,68.16028687860133,69.37454631683273,157125200
2020-04-17,68.2689208984375,69.27075152318855,66.83498322406335,68.72517714348913,215250000
2020-04-20,66.85188293457031,67.99854979022932,66.83257389218826,67.09811926901436,130015200
2020-04-21,64.78543853759766,66.92910221467082,64.07571185080862,66.69494058852548,180991600
2020-04-22,66.65150451660156,67.08602784822331,65.71003238672124,66.05040482183006,116862400
2020-04-23,66.3932113647461,68.0154433517939,66.35458591659604,66.59598944224571,124814400
2020-04-24,68.30994415283203,68.31960235496462,66.86876505886688,66.91704870248016,126161200
2020-04-27,68.35822296142578,68.68894453234053,67.58090350335026,68.02749402346188,117087600
2020-04-28,67.25017547607422,69.0003506347447,67.15844834573424,68.81929803212363,112004800
2020-04-29,69.45904541015625,69.92736888191205,68.53205667132409,68.73483476728254,137280800
2020-04-30,70.92434692382812,71.10057413486881,69.60870223992275,69.99735834734561,183064000
2020-05-01,69.78252410888672,72.1796595284793,69.00520440389795,69.10176434791705,240616800
2020-05-04,70.7698745727539,70.89781817578982,69.11867496549594,69.80667664361658,133568000
2020-05-05,71.83202362060547,72.66245223551824,71.08367131021836,71.2285148811078,147751200
2020-05-06,72.57312774658203,73.2031872790944,72.14825527383692,72.53208591439893,142333600
2020-05-07,73.32390594482422,73.66911859215423,72.89662434827942,73.19837876119128,115215200
2020-05-08,75.06913757324219,75.12239040799929,73.65552559886389,73.98230402182824,133838400
2020-05-11,76.25037384033203,76.74416477518758,74.36958632362644,74.57775917368724,145946400
2020-05-12,75.37895965576172,77.38319101183461,75.25793117438776,76.93296121988755,162301200
2020-05-13,74.46882629394531,76.4779036027934,73.39409274246334,75.55808267285332,200622400
2020-05-14,74.92632293701172,74.98683718466037,72.98744407851115,73.70877656980059,158929200
2020-05-15,74.48333740234375,74.52932881095421,72.66791038979864,72.70180190645536,166348400
2020-05-18,76.23827362060547,76.61104348348049,75.11513293810333,75.80499689236754,135178400
2020-05-19,75.79772186279297,77.09998213452099,75.76625327530091,76.25520568719914,101729600
2020-05-20,77.27184295654297,77.3420341535439,76.61586330214624,76.65459330065981,111504800
2020-05-21,76.6957778930664,77.67369044499544,76.45855932436727,77.1339005633104,102688800
2020-05-22,77.1895523071289,77.27185079219365,76.33266854723075,76.43432834001963,81803200
2020-05-26,76.66669464111328,78.48453717513182,76.61101888750217,78.30541740950063,125522000
2020-05-27,77.00074768066406,77.14598335609439,75.78562421645006,76.52390248864035,112945200
2020-05-28,77.03462982177734,78.29090607267398,76.4004417495467,76.67638285095582,133560800
2020-05-29,76.95960235595703,77.73660324937043,76.60377827424547,77.27669643163954,153532400
2020-06-01,77.9060287475586,78.02705721931588,76.78288098389504,76.91359380175058,80791200
2020-06-02,78.2667007446289,78.29090791932163,77.19922860751555,77.63977407114822,87642800
2020-06-03,78.69756317138672,78.95898884323296,78.01496072344597,78.58621903033732,104491200
2020-06-04,78.01982116699219,78.81860638544032,77.64705128445249,78.52088097581583,87560400
2020-06-05,80.24188232421875,80.30239656428226,78.24007392223491,78.26911957554665,137250400
2020-06-08,80.71631622314453,80.75020774515244,79.23009024878114,79.93931540745123,95654400
2020-06-09,83.26518249511719,83.6573136410901,80.36534445233356,80.39681304328083,147712400
2020-06-10,85.40739440917969,85.8745626649843,83.77350959383725,84.2116321903992,166651600
2020-06-11,81.30693054199219,84.97651490391192,81.20527075656385,84.55291522831224,201662400
2020-06-12,82.00889587402344,84.18740853476542,80.90027823694467,83.44187634114364,200146000
2020-06-15,83.02311706542969,83.6742509001126,80.50330314287096,80.6654845616587,138808800
2020-06-16,85.22341918945312,85.49452921505798,83.44188334314991,85.07334504214955,165428800
2020-06-17,85.10481262207031,86.02704912393895,84.98378413219785,85.96653487900272,114406400
2020-06-18,85.13870239257812,85.55504068464955,84.53113702208627,85.06124238777585,96820400
2020-06-19,84.65216064453125,86.30782937031772,83.54595856056092,85.84308414219812,264476000
2020-06-22,86.86698913574219,87.00980187063504,84.99830891368086,85.0443003318489,135445200
2020-06-23,88.72113800048828,90.1371727058119,87.6899729783668,88.1087341820106,212155600
2020-06-24,87.15504455566406,89.26820486684538,86.78227469992099,88.35080675031271,192623200
2020-06-25,88.31206512451172,88.35079512662277,86.55231359048508,87.3099530977363,137522400
2020-06-26,85.5986099243164,88.42825657527817,85.45095132716905,88.20798383985682,205256800
2020-06-29,87.57136535644531,87.66577111516035,85.02976731524565,85.50661981464565,130646000
2020-06-30,88.30239868164062,88.58803158175118,87.14052793069565,87.15988924218063,140223200
2020-07-01,88.1353530883789,88.9220381809634,88.08694613026117,88.37983297329643,110737200
2020-07-02,88.1353530883789,89.67483914156468,88.02159341265586,89.0406511103845,114041600
2020-07-06,90.49298858642578,90.96015670821257,89.52959930495038,89.56106788910034,118655600
2020-07-07,90.21221923828125,91.6476154008952,90.10087509241899,90.87061453958542,112424400
2020-07-08,92.31328582763672,92.34475442259624,91.10057777662374,91.18772214628044,117092000
2020-07-09,92.71023559570312,93.25727928434208,91.66454778966232,93.20402645939578,125642800
2020-07-10,92.8724136352539,92.93051232943125,91.69602034280251,92.30600122922262,90257200
2020-07-13,92.4439697265625,96.77921054368312,92.2309584307968,94.17467542417103,191649200
2020-07-14,93.97379302978516,94.16501274371473,90.89482765300735,91.82674120591236,170989200
2020-07-15,94.62004089355469,96.0941665306234,93.42427921456142,95.84484821867892,153198000
2020-07-16,93.45579528808594,94.31025628529977,92.85791414474407,93.49452529827339,110577600
2020-07-17,93.2669677734375,94.06091431617955,92.79495374103925,93.90600170117715,92186800
2020-07-20,95.23248291015625,95.37045717183655,93.01040144233045,93.35412562962276,90318000
2020-07-21,93.9181137084961,96.09662665534265,93.66879530005893,96.02158957813295,103433200
2020-07-22,94.18194580078125,94.86212529718233,93.53323489247579,93.62037185613211,89001600
2020-07-23,89.89510345458984,93.99312548879989,89.08663419834281,93.91566549865867,197004400
2020-07-24,89.67243194580078,90.01615612762265,86.31267968652797,88.09664593771886,185438800
2020-07-27,91.79767608642578,91.88965891007823,90.50993871626743,90.73262697532834,121214000
2020-07-28,90.28965759277344,91.54593364722749,90.28481172651138,91.36922942946147,103625600
2020-07-29,92.0203857421875,92.20435141750036,90.73506372270917,90.77137079362801,90329200
2020-07-30,93.13387298583984,93.23795574453258,90.7883395787684,91.19499365016907,158130000
2020-07-31,102.8839111328125,103.03398529349649,97.6215868383854,99.61614157613516,374336800
2020-08-03,105.476318359375,108.09053052398437,104.46452205826068,104.76224738585148,308151200
2020-08-04,106.18070983886719,107.26996618839969,104.94379489849536,105.6651273181697,173071600
2020-08-05,106.56558227539062,106.8850992523654,105.43759589570149,105.90234853375506,121776800
2020-08-06,110.28357696533203,110.77737527223312,106.30900549573542,106.89720218347466,202428800
2020-08-07,107.77619934082031,110.26175680038186,106.98082124977309,109.80586800423681,198045600
2020-08-10,109.34271240234375,110.35876045671141,106.69710821737102,109.21903838608283,212403600
2020-08-11,106.09087371826172,109.10506522291367,105.83140397675015,108.60795666047292,187902400
2020-08-12,109.61672973632812,109.87377217439806,106.98567459916234,107.17966637873178,165598000
2020-08-13,111.5566635131836,112.55816241863091,110.5066629686095,110.9940770606822,210082000
2020-08-14,111.4572525024414,111.54697388434195,109.65067355223327,111.38208013380518,165565200
2020-08-17,111.16624450683594,112.60180865121056,110.54061480830164,112.57755783182,119561600
2020-08-18,112.09259796142578,112.5169615015718,110.58428839700858,110.91893054414521,105633600
2020-08-19,112.23323059082031,113.64454412496903,112.13866200158594,112.49997484302729,145538000
2020-08-20,114.72364807128906,114.83762028422797,112.25748652761663,112.27446284451047,126907200
2020-08-21,120.63561248779297,121.11817195845913,115.66934527196243,115.6814669811538,338054800
2020-08-24,122.0784683227539,124.91807177754512,120.21612051624737,124.83319019483912,345937600
2020-08-25,121.07695770263672,121.42130160395935,119.35768029886763,120.95329109467639,211495600
2020-08-26,122.72349548339844,123.17938430241111,121.32673099966804,122.39128067814039,163022400
2020-08-27,121.25639343261719,123.657076446734,120.11424426928406,123.32486169573068,155552400
2020-08-28,121.05998992919922,122.64589153107447,120.83689273182479,122.22880256231407,187630000
2020-08-31,125.16539764404297,127.06655257654671,122.21668415759454,123.74924435405829,225702700
2020-09-01,130.1510772705078,130.75247109042868,126.61067882372832,128.77371625173845,151948100
2020-09-02,127.45452880859375,133.83695705739137,123.18665076532004,133.45866793446768,200119000
2020-09-03,117.25041198730469,124.97140134269283,116.8818246649217,123.09935930505591,257599600
2020-09-04,117.32801818847656,119.98574406174012,107.56038329847304,116.46474218511382,332607200
2020-09-08,109.43242645263672,115.41716207276087,109.29663073421304,110.52849400857393,231366600
2020-09-09,113.79730224609375,115.56265389882519,111.79915900187885,113.7391061983007,176940500
2020-09-10,110.0822982788086,116.88181506989982,109.12202651754133,116.74601936225844,182274400
2020-09-11,108.63705444335938,111.77007275174712,106.6971070425851,111.12988655734183,180860300
2020-09-14,111.89617156982422,112.4490563072492,109.41304115616997,111.27538896641066,140150100
2020-09-15,112.07076263427734,115.26197700807842,110.19871308977739,114.77699015613865,184642000
2020-09-16,108.76314544677734,112.51694623083202,108.6758513682307,111.77006975767836,154679000
2020-09-17,107.02687072753906,108.83102200073318,105.44581661191643,106.42549190334795,178011000
2020-09-18,103.63199615478516,107.55069115379253,102.90451581240214,107.08510787884254,287104900
2020-09-21,106.77469635009766,106.88139403880808,100.00427732246104,101.4010416835348,195713800
2020-09-22,108.45275115966797,109.47122644967507,105.8823269140235,109.29663089711133,183055400
2020-09-23,103.903564453125,108.74373016788621,103.56406780634413,108.26844522282775,150718700
2020-09-24,104.97053527832031,106.93958033536623,101.84721936701546,102.01211308896369,167743300
2020-09-25,108.90862274169922,109.06382205291594,104.43704434153668,105.17422626919512,149981400
2020-09-28,111.50816345214844,111.85735453793174,109.39362072171006,111.5566650919616,137672400
2020-09-29,110.6642837524414,111.84765272079834,110.15990073985728,111.1104781178147,99382200
2020-09-30,112.3326416015625,113.73910777869786,110.2084044241761,110.37329816208843,142675200
2020-10-01,113.2832260131836,114.18530182393523,112.35205217632898,114.10770215411938,116120400
2020-10-02,109.6264419555664,111.90588643755389,108.85046731090773,109.50034801839159,144712000
2020-10-05,113.0019302368164,113.14742776439395,110.14051092914185,110.4897020352033,106243800
2020-10-06,109.76220703125,112.6333277612592,108.87952757625551,112.22593325878677,161498200
2020-10-07,111.62457275390625,112.08046156708008,110.70309331868141,111.17838574960963,96849000
2020-10-08,111.51786804199219,112.90493061170089,111.1492733309645,112.7594330889432,83477200
2020-10-09,113.45781707763672,113.48691510258755,111.46936816913343,111.81855926916633,100506900
2020-10-12,120.66473388671875,121.42131221454332,115.69846570876324,116.45504403658781,240226800
2020-10-13,117.46379852294922,121.62498605023444,116.05733979847938,121.50858655705257,262330500
2020-10-14,117.55110931396484,119.33585728240598,116.02825097556021,117.36681195189107,150712000
2020-10-15,117.08551788330078,117.56080289760202,114.60238771843201,115.15527240046332,112559200
2020-10-16,115.44625854492188,117.90029805270329,115.24256497002679,117.63840102761567,115393800
2020-10-19,112.49754333496094,116.80422116143153,112.18715207359088,116.35803418573154,120639300
2020-10-20,113.98159790039062,115.40746025257594,112.15804282671203,112.71092747344602,124423700
2020-10-21,113.36082458496094,115.14557257156684,112.9534300225298,113.16682541230045,89946000
2020-10-22,112.27444458007812,114.49568501963495,111.14927164811971,113.92339674553574,101988000
2020-10-23,111.58576202392578,113.05042420827988,110.84858002778377,112.89522488264528,82572600
2020-10-26,111.59546661376953,113.05042702646372,109.49061825916863,110.58669317293085,111850700
2020-10-27,113.09891510009766,113.75849741390176,111.10077194371063,112.02224386138344,92276800
2020-10-28,107.86106872558594,111.96406058991157,107.76407283902445,111.59547326085323,143937800
2020-10-29,111.85736083984375,113.41901900582575,108.83104039265947,108.99594153712782,146129200
2020-10-30,105.5913314819336,108.6273463236584,104.48556211975591,107.72527053869118,190272600
2020-11-02,105.5040283203125,107.35668150297613,104.09756951905206,105.83382320217856,122866900
2020-11-03,107.12390899658203,108.14237704788208,105.46525468419668,106.3673306155269,107624400
2020-11-04,111.49847412109375,112.119256698551,108.97654397513469,110.71279779031768,138235500
2020-11-05,115.45596313476562,116.02825144019144,113.36082388514865,114.40838980980128,126387100
2020-11-06,115.32479858398438,115.82033327578648,112.83737692583377,114.96528648231298,114457900
2020-11-09,113.02200317382812,118.53124107554257,112.75966168887598,117.08348880826458,154515300
2020-11-10,112.6819076538086,114.25597110360664,110.89407325748324,112.27381767890381,138023400
2020-11-11,116.10208892822266,116.23811890460102,113.13857025646223,113.86730544980823,112295000
2020-11-12,115.8300552368164,117.11262917137141,115.2082016572188,116.22843412444456,103162300
2020-11-13,115.87863159179688,116.27700303551688,114.52804275815001,116.05352836084144,81581900
2020-11-16,116.88915252685547,117.55958400464418,114.80010971790968,115.54827474511946,91183000
2020-11-17,116.00495147705078,117.24865863043144,115.58714291023577,116.16041857776305,74271000
2020-11-18,114.68350982666016,116.42275908285534,114.65436159878705,115.24706694247119,76322100
2020-11-19,115.27619934082031,115.68428930116418,113.4980835539356,114.25596702688232,74113000
2020-11-20,114.01305389404297,115.40250938194856,113.96447599254086,115.27619794234921,73604300
2020-11-23,110.62200927734375,114.28512261237464,110.52484606012634,113.85759556092404,127959300
2020-11-24,111.90459442138672,112.56531474410036,109.39774313111327,110.68032441615657,113874200
2020-11-25,112.74020385742188,113.43979090606146,111.90458681744444,112.27381743371453,76499200
2020-11-27,113.28433227539062,114.158816151439,112.92482759135008,113.26490259506915,46691300
2020-11-30,115.67459106445312,117.54015173092947,113.49809620715159,113.65356330256418,169410200
2020-12-01,119.24053955078125,119.9692749139944,116.60737666127397,117.57902381222483,127728200
2020-12-02,119.59031677246094,119.87209529729249,117.46240743053765,118.56036589233359,89004200
2020-12-03,119.45428466796875,120.27046459048226,118.74497909552679,120.01783429457547,78967600
2020-12-04,118.78385925292969,119.3765645833526,118.07455360054387,119.12393425897255,78260400
2020-12-07,120.24134826660156,121.03809872222877,118.78387737852155,118.84217384185906,86712000
2020-12-08,120.85345458984375,121.43644873670094,119.60002903502645,120.84374345698704,82225500
2020-12-09,118.32718658447266,122.37895334699282,117.56930300737729,120.99921619827668,115089200
2020-12-10,119.74577331542969,120.35791566525569,116.74338766599487,117.08346263085474,81312200
2020-12-11,118.93933868408203,119.27941372539408,117.13207427816091,118.95876836655133,86939800
2020-12-14,118.32718658447266,119.85267228564851,118.09399334838469,119.12393693642923,79184500
2020-12-15,124.25423431396484,124.27367140820184,120.61055751786674,120.81460252887871,157243700
2020-12-16,124.18621826171875,124.73033828648967,122.97165933994127,123.79756533721344,98208600
2020-12-17,125.05099487304688,125.90604917528667,124.40970414636703,125.245321352785,94359800
2020-12-18,123.0688247680664,125.43964605507787,122.5441344465272,125.30361605465058,192541500
2020-12-21,124.59429168701172,124.67202522679207,119.94982017477122,121.47530568083864,121251600
2020-12-22,128.14083862304688,130.5991048748753,125.97405467288996,127.87848972538272,168904800
2020-12-23,127.24687957763672,128.67518682478877,127.07197543286729,128.41285284686637,88223700
2020-12-24,128.228271484375,129.67603102914552,127.3829432351903,127.59670678746939,54930100
2020-12-28,132.81442260742188,133.44598718799116,129.7245776284665,130.19097883452193,124486200
2020-12-29,131.0460205078125,134.85487480481046,130.53104880605997,134.1358655444837,121047300
2020-12-30,129.92868041992188,132.13432398091498,129.6177461619134,131.73594502265215,96452100
2020-12-31,128.92782592773438,130.91970498226274,127.98532727499882,130.27841448791915,99116600
2021-01-04,125.74083709716797,129.82175137838865,123.1659711614339,129.73430670995643,143301900
2021-01-05,127.29548645019531,128.00479953709709,124.78863505032471,125.23559925815104,97664900
2021-01-06,123.01051330566406,127.3343470647896,122.79674977159817,124.09876065496377,155088000
2021-01-07,127.20803833007812,127.89791430422592,124.23480053472447,124.72062409151188,109578200
2021-01-08,128.3060302734375,128.8695874924766,126.5376250523671,128.67524616951312,105158200
2021-01-11,125.32302856445312,126.47929089114106,124.85664214589357,125.5270809622862,100384500
2021-01-12,125.14813232421875,126.01289753186738,123.26313483591238,124.85663526886566,91951100
2021-01-13,127.17887115478516,127.72299108513502,124.84692436009828,125.10925836684517,88636800
2021-01-14,125.25502014160156,127.2857588427231,125.10926419379747,127.09143240514113,90221800
2021-01-15,123.53521728515625,126.52789226757409,123.39918727805356,125.12871800814145,111598500
2021-01-19,124.20564270019531,125.06069683837403,123.340877429049,124.15705738304294,90757300
2021-01-20,128.28656005859375,128.73352422939956,124.90523244341398,125.0121142129877,104319500
2021-01-21,132.9893341064453,135.7099489572785,129.80233279797613,130.00638521290585,120150900
2021-01-22,135.12696838378906,135.88485193048166,131.19179469063414,132.4160646907934,114459400
2021-01-25,138.8677978515625,140.97627022018892,132.6686847833474,139.01355380816258,157611700
2021-01-26,139.1009979248047,140.20867499016745,137.36174136904043,139.52852500725305,98390600
2021-01-27,138.03216552734375,140.208660067174,136.42895396495652,139.3633171255217,140843800
2021-01-28,133.203125,137.964205672891,132.82418314547382,135.56423565217162,142621100
2021-01-29,128.21853637695312,132.86300755142042,126.51815423658083,131.97880528014946,177523800
2021-02-01,130.3367462158203,131.5415940017464,127.21775238608966,129.95780442586786,106239800
2021-02-02,131.1626434326172,132.4452098565485,130.79341280132044,131.8816527763116,83305400
2021-02-03,130.1424102783203,131.92052618668296,129.82176496768204,131.9108002272906,89880900
2021-02-04,133.49462890625,133.5043400423377,130.7740133593302,132.435536852372,84183100
2021-02-05,133.0809783935547,133.7232271258216,132.20519546650593,133.65511793511303,75693800
2021-02-08,133.22698974609375,133.27564766652046,131.29051736028654,132.37065786118401,71297200
2021-02-09,132.3511962890625,134.17090160726997,132.19551172596402,132.94478730279516,76774200
2021-02-10,131.74783325195312,133.30479712135545,130.7844601873258,132.80850727822565,73046600
2021-02-11,131.494873046875,132.72097244544923,130.17145780866096,132.24414858851415,64280000
2021-02-12,131.7283935546875,131.88409294253404,130.09359452723146,130.7358433658653,60145100
2021-02-16,129.6070556640625,132.35118706954955,129.2178071626484,131.84518629017936,80576300
2021-02-17,127.32025909423828,128.66314035492906,125.98711832566399,127.71923321492339,97918500
2021-02-18,126.22067260742188,126.50286477250336,123.982542030246,125.72438263501022,96856700
2021-02-19,126.37638092041016,127.19379548505816,125.3351725587671,126.7364377000899,87668800
2021-02-22,122.6104736328125,126.23040308983671,122.22123254914695,124.56639727156255,103916400
2021-02-23,122.4742431640625,123.30137584564321,115.20519230196524,120.43073670834654,158273000
2021-02-24,121.97798156738281,122.18233150568985,118.94191685635538,121.57901476139983,111039900
2021-02-25,117.73523712158203,123.05808944115938,117.29734557401017,121.32597453863157,148199500
2021-02-26,117.99797058105469,121.49139194672976,117.93957960066368,119.29218643059886,164560400
2021-03-01,124.35232543945312,124.48855870917815,119.48683030882653,120.42100448300808,116307900
2021-03-02,121.75416564941406,125.25732102772348,121.64712415132996,124.95566267357219,102260900
2021-03-03,118.7764663696289,122.32827934815643,118.56238339310273,121.45248872789318,112966300
2021-03-04,116.89838409423828,120.27503892466773,115.42900990064756,118.47480719948628,178155000
2021-03-05,118.1536865234375,118.65970219404976,114.40725661331615,117.72552798386944,153766600
2021-03-08,113.22978973388672,117.74496808125187,113.08382341259126,117.67685145453473,154376600
2021-03-09,117.83255767822266,118.77646492277744,115.5944343694315,115.82797605727136,129525800
2021-03-10,116.75242614746094,118.88350799775948,116.23667741969722,118.41642461584055,111943300
2021-03-11,118.67915344238281,119.89552719538874,117.99798711036199,119.24355264557505,103026500
2021-03-12,117.77417755126953,117.91041082516712,115.9544870681418,117.16112781873039,88105100
2021-03-15,120.65455627441406,120.66428934425417,117.18059275719496,118.14396621912681,92403800
2021-03-16,122.19203186035156,123.7976465733389,121.36489925795071,122.31853204805573,115227900
2021-03-17,121.40382385253906,122.47423118424491,119.04891881379946,120.71292450730932,111932600
2021-03-18,117.2876205444336,119.86633436304555,117.08327064661763,119.57440169521924,121229700
2021-03-19,116.76213073730469,118.16339547869096,116.46047246487215,116.67455540304563,185549500
2021-03-22,120.07067108154297,120.53776181396455,117.02487423771213,117.09299086284075,111912300
2021-03-23,119.2435531616211,120.89781850320577,118.85431207414345,120.01230226774646,95467100
2021-03-24,116.85945129394531,119.59386443754735,116.83999258124882,119.51601473844956,88530500
2021-03-25,117.34600067138672,118.3872236915313,115.7987768800299,116.32425121223295,98844700
2021-03-26,117.9493408203125,118.21208173439534,115.72094299418823,117.11247500179746,94071200
2021-03-29,118.12451171875,119.2825021466437,117.48227010500301,118.37751959042377,80819200
2021-03-30,116.67459106445312,117.1611406456859,115.66256704459003,116.878940997672,85671900
2021-03-31,118.86405944824219,120.19720049628938,117.8909603245139,118.37750988637804,118323800
2021-04-01,119.69117736816406,120.83943448866229,119.19489479787379,120.33342627373456,75089100
2021-04-05,122.51318359375,122.76619144970482,119.75931123714496,120.53779352124103,88651200
2021-04-06,122.81482696533203,123.71007628588559,122.26989388745704,123.09702657327624,80171300
2021-04-07,124.45936584472656,124.47882455845117,121.7736104771957,122.4450511751175,83466700
2021-04-08,126.85318756103516,126.88237934347556,125.06268894589843,125.48111439308595,88844600
2021-04-09,129.4221649169922,129.4610823431084,125.987126690143,126.3082511367721,106686700
2021-04-12,127.70948791503906,129.27617752860823,127.11589707143067,128.9550531527241,91420000
2021-04-13,130.81370544433594,131.03752892907758,128.380957683949,128.87724772998885,91266500
2021-04-14,128.47828674316406,131.36839256751463,128.11824478906962,131.31000899099288,87222800
2021-04-15,130.88182067871094,131.36837019796266,130.04495491166549,130.22012045971883,89347100
2021-04-16,130.55096435546875,131.04723949609195,129.69463249088383,130.6871976204425,84922400
2021-04-19,131.21267700195312,131.82573417670255,129.75302837507442,129.91845343765638,94264200
2021-04-20,129.5291748046875,131.88407199058656,128.26414346394938,131.3877969750169,94812300
2021-04-21,129.90870666503906,130.15198139662152,127.76789199677557,128.79937448295544,68847100
2021-04-22,128.3907012939453,130.54124205126504,127.87495994409139,129.46110142550572,84566500
2021-04-23,130.70664978027344,131.4851170121257,128.60475261832673,128.60475261832673,78657500
2021-04-26,131.095947265625,131.4267974851822,129.96714844185797,131.2029887894015,66905100
2021-04-27,130.7747802734375,131.76734545845767,130.5023137282654,131.37809693084532,66015800
2021-04-28,129.98660278320312,131.38786811328342,129.50005314627617,130.69696109558785,107760100
2021-04-29,129.88926696777344,133.38270410909877,128.88697605750357,132.7988386951313,151101000
2021-04-30,127.92361450195312,129.96711370748065,127.54410644604702,128.23499849351802,109839500
2021-05-03,128.97454833984375,130.46340362512916,128.28365629304724,128.48799878924353,75135100
2021-05-04,124.41070556640625,127.95279275381809,123.29164023246338,127.66086008438737,137564700
2021-05-05,124.65398406982422,126.9407577416854,124.5274764521898,125.72438402846821,84000900
2021-05-06,126.24987030029297,126.25959594495404,123.71007387822482,124.44963120105919,78128300
2021-05-07,126.92244720458984,127.94592476658238,126.21086763240989,127.54628780481441,78973300
2021-05-10,123.64728546142578,126.26936319427197,123.60829449035425,126.14265555263232,88071200
2021-05-11,122.73101806640625,123.08192191649415,119.67029018955704,120.38186236478138,126142800
2021-05-12,119.67027282714844,121.49306133403097,119.16340517343434,120.28437120843128,112172300
2021-05-13,121.81475067138672,122.96495825371117,121.12267768901388,121.43459801116457,105861300
2021-05-14,124.23212432861328,124.66101753625983,122.67252280548946,123.06242504546209,81918000
2021-05-17,123.0819091796875,123.72524895126948,122.00968366381709,123.61802565600583,74244600
2021-05-18,121.6977767944336,123.78374532662899,121.62954445690447,123.36460169987382,63342900
2021-05-19,121.54180908203125,121.76599784022277,119.75801143334377,120.05043995950335,92612000
2021-05-20,124.09566497802734,124.49531683623646,121.94146411990351,122.06818662946591,76857100
2021-05-21,122.26314544677734,124.76825782596866,122.04869881375613,124.59280216593018,79295400
2021-05-24,123.8909683227539,124.70976380781524,122.76025995557121,122.82849229292907,63092900
2021-05-25,123.69601440429688,125.08016771850949,123.13065653206684,124.59278434432386,72009500
2021-05-26,123.64728546142578,124.17365241574042,123.228141818366,123.75450877268065,56575900
2021-05-27,122.11689758300781,124.41731229914974,121.92195020845978,123.24761317833023,94625600
2021-05-28,121.4638442993164,122.62380153028337,121.405361560534,122.39960530367183,71311100
2021-06-01,121.14215850830078,122.1851426884376,120.81074644955004,121.92196296159237,67637100
2021-06-02,121.90247344970703,122.07792909380578,120.91797935921073,121.14216813753484,59278900
2021-06-03,120.4208755493164,121.69779842291418,120.02122361792783,121.53209235043185,76229200
2021-06-04,122.71151733398438,122.97470451422886,120.72302254551224,120.93746915555829,75169300
2021-06-07,122.72127532958984,123.13066937489863,121.67829101219802,122.9844550910691,71057600
2021-06-08,123.5400619506836,125.21664395698274,123.02344459916287,123.40359727053726,74403800
2021-06-09,123.92019653320312,124.52454534046706,123.32559732645998,123.99817846383709,56877900
2021-06-10,122.92595672607422,124.95344236430199,122.7602506959565,123.81297704481983,71186400
2021-06-11,124.13465118408203,124.22238272093318,122.91621132668672,123.33535493510138,53522400
2021-06-14,127.18560791015625,127.24409063710856,123.86170821216966,124.592772046137,96906500
2021-06-15,126.36683654785156,127.30260492232891,126.12314857125716,126.65926509447159,62746300
2021-06-16,126.86396789550781,127.58528973592168,125.21664949570912,127.07841452715692,91815000
2021-06-17,128.46255493164062,129.20337594415264,126.37658632134162,126.52280804022224,96721700
2021-06-18,127.1661148071289,128.18959220522225,126.95166824074936,127.40980273496652,108953300
2021-06-21,128.95968627929688,129.06690958900398,125.9477063159808,127.01018237446559,79663300
2021-06-22,130.5972442626953,130.6947253937975,128.29682937988724,128.79396232556323,74783600
2021-06-23,130.32431030273438,130.9286665216875,129.8661757752273,130.39255006678223,60214200
2021-06-24,130.0416717529297,131.240612583958,129.57378007008424,131.0554073186903,68711000
2021-06-25,129.74920654296875,130.50951172104854,129.45677804212312,130.09037560621056,70783700
2021-06-28,131.37704467773438,131.83517920756188,129.9831567614525,130.04163948891443,62111300
2021-06-29,132.88792419433594,133.0438880631515,130.9579196567259,131.3965550234282,64556100
2021-06-30,133.5020294189453,133.9406648079474,132.43953852296474,132.73196707347742,63261400
2021-07-01,133.80421447753906,133.86269721920397,132.33232940247316,133.15113240638843,52485800
2021-07-02,136.42626953125,136.46525305919846,134.27206149217562,134.41826831389758,78852600
2021-07-06,138.4342498779297,139.53570925876045,136.53348691022637,136.53348691022637,108181800
2021-07-07,140.91989135742188,141.23180423568894,139.0581116318865,139.91588320227135,104911600
2021-07-08,139.62350463867188,140.42279367497855,137.11838445022283,138.00541248474633,105575500
2021-07-09,141.44622802734375,141.97258743167365,139.04833216120844,139.1458132863032,99890800
2021-07-12,140.85166931152344,142.62572515772004,140.36429329314447,142.51850183873523,76299700
2021-07-13,141.96287536621094,143.7369310790402,140.00362927408963,140.39352411006757,100827100
2021-07-14,145.3842315673828,145.79364043052715,143.95134516697595,144.3607540301203,127050800
2021-07-15,144.73118591308594,146.21281325196273,143.37628110522587,145.4720070192926,106820300
2021-07-16,142.69395446777344,145.9788641734468,142.196836268165,144.71169838540143,93251400
2021-07-19,138.85340881347656,140.43251704679776,138.0931035014654,140.12058929133983,121434600
2021-07-20,142.4600067138672,143.38603306380864,139.35056015600642,139.83793618290784,96350000
2021-07-21,141.7289276123047,142.4405072449087,140.97837931958148,141.85565012536404,74993500
2021-07-22,143.09359741210938,144.4582442706814,142.12858757198936,142.2553100922622,77338200
2021-07-23,144.80917358398438,144.9651374939281,143.21058069090384,143.8246792903466,71447400
2021-07-26,145.228271484375,146.04705940106285,143.97083337261068,144.52644902049065,72434100
2021-07-27,143.06436157226562,145.44275893789174,141.87516288945258,145.35501995009983,104818600
2021-07-28,141.3195037841797,143.25926511063363,138.9411071473103,141.1537977724019,118931200
2021-07-29,141.96287536621094,142.84990322262558,140.92964066468824,141.03686397561236,56699500
2021-07-30,142.17730712890625,142.63544169374407,140.47149137109437,140.73467853831747,70440600
2021-08-02,141.8459014892578,143.2397895751834,141.582714310116,142.6646895204393,62880000
2021-08-03,143.6394500732422,144.30227426975748,141.51448305654833,142.12858155366985,64786600
2021-08-04,143.23977661132812,144.05856456840556,142.5866946784069,143.55170433223327,56368300
2021-08-05,143.34703063964844,144.10733603044793,142.4795019309908,143.2690486927029,46397700
2021-08-06,142.66363525390625,143.61056217962263,142.16577244694983,142.8686463484262,54126800
2021-08-09,142.61485290527344,143.21034301067533,142.05841963396023,142.72223685529076,48908700
2021-08-10,142.1365203857422,144.19632898598317,141.84365370926938,142.95653516321173,69023100
2021-08-11,142.39031982421875,143.22986295766566,142.0681679932176,142.57580253562702,48493500
2021-08-12,145.3482666015625,145.50446416374155,142.37081574173467,142.71249604702388,72282600
2021-08-13,145.5532684326172,145.88517705910473,144.7430103885552,145.42635605950554,59375000
2021-08-16,147.52516174316406,147.59350373735595,142.98578162240887,145.0065328408216,103296000
2021-08-17,146.61732482910156,148.07187159409528,145.5434853619502,146.65636676617194,92229700
2021-08-18,142.87844848632812,147.13473517673972,142.67343732669485,146.2366215497856,86326000
2021-08-19,143.21035766601562,144.4794367790495,141.06269334170713,141.5800847276963,86960300
2021-08-20,144.6649169921875,144.96754045087513,143.28845394220284,143.93275769698107,60549600
2021-08-23,146.14878845214844,146.61736630864482,144.37207444854158,144.7820819349536,60131800
2021-08-24,146.06089782714844,147.27140659304087,145.60207679709836,145.89494350289067,48606400
2021-08-25,144.8308563232422,146.74423897086186,144.28417982272728,146.24636116832204,58991300
2021-08-26,144.0303497314453,145.57276688380205,144.00106455542348,144.82109417148567,48597200
2021-08-27,145.06512451171875,145.21155036889095,143.3372249180138,143.97175682684613,55802400
2021-08-30,149.47764587402344,149.83885461039787,145.07493307828,145.45565533870288,90956700
2021-08-31,148.2183074951172,149.16523456794167,147.69114453920625,149.02856544896787,86453100
2021-09-01,148.88211059570312,151.29335581344367,148.71615631662897,149.19450563571235,80313700
2021-09-02,149.9949951171875,151.03954929712242,148.77472989529102,150.20976298790652,71115500
2021-09-03,150.6295928955078,150.95174481050074,149.4483692072004,150.10242979976638,57808700
2021-09-07,152.9626922607422,153.5191254698615,150.71740121777114,151.2836060822293,82278300
2021-09-08,151.4202880859375,153.30437064554417,150.31716343749,153.24580029178898,74420200
2021-09-09,150.40504455566406,152.39651120399355,150.28788894400816,151.79126431107525,57305700
2021-09-10,145.42636108398438,151.7814983871202,145.1627795675759,151.31292061025323,140893200
2021-09-13,145.99256896972656,147.818081410703,145.21159606216116,147.04688016056696,102404300
2021-09-14,144.5965576171875,147.4763957492906,143.4153491043727,146.7735217186003,109296300
2021-09-15,145.4849395751953,145.88519025288556,142.88821089491876,145.0261185341006,83281300
2021-09-16,145.25064086914062,145.42636685232276,143.71799510025087,144.90897545621797,68034100
2021-09-17,142.58558654785156,145.27994241453277,142.29271983680104,145.27994241453277,129868800
2021-09-20,139.539794921875,141.3945924183066,137.90952209387459,140.37933813407227,123478900
2021-09-21,140.01809692382812,141.16027821011605,139.38356500550353,140.50620298279006,75834000
2021-09-22,142.3805694580078,142.94675948187773,140.28170408222925,141.01386330488788,76404300
2021-09-23,143.33726501464844,143.581318108749,142.1755699033987,143.16153904107028,64838200
2021-09-24,143.4251251220703,143.96204492535793,142.09747565204063,142.19510285111807,53477900
2021-09-27,141.91195678710938,142.48793328173883,140.39883985731234,142.0095839613355,74150700
2021-09-28,138.5343017578125,141.30674132874793,138.31953384357482,139.8424227657557,108972300
2021-09-29,139.4324188232422,141.013878143942,138.65144592439347,139.08098176355122,74602000
2021-09-30,138.13404846191406,140.9455448156453,137.9192805517919,140.2426707272125,89056700
2021-10-01,139.25668334960938,139.5202648503588,135.80089824481317,138.52452409983053,94639600
2021-10-04,135.83016967773438,138.8271483868743,134.98086980059804,138.38784096480848,98322000
2021-10-05,137.75331115722656,138.8564357660988,136.04493972017434,136.17185207930245,80861100
2021-10-06,138.62216186523438,138.76858776803195,135.07850605934124,136.15234566592073,83221100
2021-10-07,139.88143920898438,140.78932429837576,139.32500600229986,139.65691457441454,61732700
2021-10-08,139.50076293945312,140.75031377150447,139.16885425815033,140.6038878520535,58773200
2021-10-11,139.41287231445312,141.36529686032225,138.43666004151856,138.88572424122802,64452200
2021-10-12,138.143798828125,139.84241361250955,137.68497785008697,139.82288519545196,73035900
2021-10-13,137.55807495117188,138.0364094315763,135.88874541033104,137.88022678873125,78762700
2021-10-14,140.3402862548828,140.45744186952987,138.1438084019397,138.72954178771872,69907100
2021-10-15,141.39459228515625,141.45316264244676,140.0962280805495,140.35005282323274,67940300
2021-10-18,143.06390380859375,143.34699879821167,139.75454497889402,140.03763996851194,85589200
2021-10-19,145.2213592529297,145.62160993395176,143.06393807186709,143.51298745891924,76378900
2021-10-20,145.70941162109375,146.18776090909918,144.5965304310407,145.16273523241006,58418800
2021-10-21,145.92422485351562,146.0804224119474,144.35252229936606,145.27016433537898,61421000
2021-10-22,145.15301513671875,146.6075619891813,145.1042015405824,146.12922747617256,58883400
2021-10-25,145.10421752929688,145.8168484447923,144.1084766625064,145.14325947301697,50720600
2021-10-26,145.76806640625,147.25189877039264,145.46542800058126,145.77782316934065,60893400
2021-10-27,145.3092041015625,146.16826078037482,144.95776708428832,145.80706700277705,56094900
2021-10-28,148.9407196044922,149.52643805425132,146.1585085567286,146.256135746264,100077900
2021-10-29,146.2366180419922,146.373287179863,142.92725865743117,143.7179883048137,124953200
2021-11-01,145.4166259765625,146.13901372017423,144.2842158593394,145.44591116098886,74588300
2021-11-02,146.45135498046875,147.96448683414823,145.11393416867705,145.12370582377017,69122000
2021-11-03,147.8863983154297,148.35497602206758,146.25612565424197,146.8125588879088,54511500
2021-11-04,147.36903381347656,148.80405236999567,147.05663868837075,147.9742807485948,60394600
2021-11-05,147.89691162109375,148.7963357946924,146.7041933888627,148.49327073720926,65463900
2021-11-08,147.07571411132812,148.18044870579655,146.80197694204415,148.02402320404659,55020900
2021-11-09,147.43746948242188,148.04359979638906,146.7042415538898,146.84111017051336,56787900
2021-11-10,144.61207580566406,146.7726603269792,144.54364896685252,146.66511965093986,65187100
2021-11-11,144.56321716308594,146.0883289050465,144.37746369649008,145.62885311604722,41000000
2021-11-12,146.63580322265625,147.03662312152338,144.18192440007093,145.11067671997742,63804000
2021-11-15,146.6455841064453,148.48354686753203,146.08832372641191,147.00730510695527,59222800
2021-11-16,147.62318420410156,148.1022316953491,146.00030323462437,146.58689139053743,59256200
2021-11-17,150.0575408935547,151.53376771191043,147.61344786594324,147.62321886773208,88807000
2021-11-18,154.3395538330078,155.12166644396783,149.62735108476016,150.27259510761894,137827700
2021-11-19,156.95965576171875,157.41914644005507,153.02955003283444,154.12449892543512,117305600
2021-11-22,157.4191436767578,161.99447854129045,157.3995867561447,158.06437288139423,117467900
2021-11-23,157.80038452148438,158.18166233731603,155.50293170970644,157.5168614506406,96041900
2021-11-24,158.31857299804688,158.5140974575523,156.07000441983408,157.1551823252834,69463600
2021-11-26,153.30323791503906,156.8618355882095,152.86330429925263,156.0015252712986,76959800
2021-11-29,156.65658569335938,157.5853380225465,155.23899986098183,155.80603121042097,88748200
2021-11-30,161.6034393310547,161.81852071802552,156.34374618750323,156.41218795497596,174048100
2021-12-01,161.08522033691406,166.4915506684524,160.8505821336858,163.73460772134698,152052500
2021-12-02,160.09786987304688,160.52803264766237,154.27116024660182,155.19014164372396,136739200
2021-12-03,158.2207794189453,161.27101721338744,156.14819360952984,160.35203598315746,118023100
2021-12-06,161.62294006347656,164.12568814988214,160.60618932990224,160.61596032861834,107497000
2021-12-07,167.3518829345703,167.74294665807957,164.57539762665544,165.29885432698077,120405400
2021-12-08,171.1646728515625,172.02499811029608,166.88261839066362,168.2806469361057,116998900
2021-12-09,170.6562957763672,172.79732298545696,170.0306087537727,170.9984746601922,108923700
2021-12-10,175.43698120117188,175.61296364291238,170.78343380069845,171.29180928871014,115402700
2021-12-13,171.80996704101562,178.05706815750167,171.6046566651188,177.0696450374433,153237000
2021-12-14,170.4314727783203,173.76521877848376,168.35888695654498,171.33089709564845,139380400
2021-12-15,175.29031372070312,175.48583813344078,168.45662585148168,171.1940123824784,131063300
2021-12-16,168.40773010253906,177.08915070687198,166.93150372687032,175.27074544292535,150185800
2021-12-17,167.3127899169922,169.59068583995455,165.89521929851176,166.12984262332955,195432700
2021-12-20,165.95388793945312,166.76532847471316,163.71510567618958,164.51676029378936,107499100
2021-12-21,169.1214599609375,169.3267554134747,165.33799395674112,167.72343104614094,91185900
2021-12-22,171.712158203125,171.92723953166936,168.30019977990446,169.17029609354066,92135300
2021-12-23,172.33786010742188,172.89512039322665,171.35045204505695,171.9174833311616,68356600
2021-12-27,176.2973175048828,176.38530127238838,173.11022561335014,173.12976761664484,74919600
2021-12-28,175.2805633544922,177.27495155456995,174.5375644683696,176.13111784462515,79144300
2021-12-29,175.36856079101562,176.5906072567406,174.15628532669507,175.31967594887476,62348900
2021-12-30,174.2149200439453,176.53193000592643,174.10737937130014,175.45652327947462,59773000
2021-12-31,173.5989990234375,175.22186501048878,173.29591904054473,174.10735949284833,64062300
2022-01-03,177.93971252441406,178.79026689432098,173.73588518068755,173.85319685203027,104487900
2022-01-04,175.68138122558594,178.84893075193062,175.1143499260673,178.54586564233023,99310400
2022-01-05,171.00830078125,176.1408961877194,170.73456355297643,175.59342173117227,94537600
2022-01-06,168.15357971191406,171.3797850968752,167.80162976232634,168.83792269234627,96904000
2022-01-07,168.31976318359375,170.2457092977057,167.2052575825263,169.0236630282213,86709100
2022-01-10,168.33934020996094,168.64240533418686,164.40923476090865,165.29888813158135,106765600
2022-01-11,171.1646728515625,171.26242759251966,166.99994496438987,168.4664003367464,76138300
2022-01-12,171.6046600341797,173.2177554801649,170.91054596180936,172.18146241376857,74805200
2022-01-13,168.33934020996094,172.6702655459411,167.94827640647682,171.84905393496265,84505800
2022-01-14,169.19964599609375,169.89375992557677,167.26391395832079,167.50832321300913,80440800
2022-01-18,166.00277709960938,168.6814931182034,165.6214992398613,167.67452813175186,90956700
2022-01-19,162.51263427734375,167.25418085979933,162.22912604138475,166.19833085017333,94815000
2022-01-20,160.8311004638672,165.8854833139809,160.50847837757559,163.24586569234862,91420500
2022-01-21,158.77806091308594,162.61039693927614,158.6705202245997,160.74310631081485,122848900
2022-01-24,158.00567626953125,158.67047714081284,151.24043048620277,156.44146612794097,162294600
2022-01-25,156.20684814453125,159.1202024043847,153.5085752311325,155.4247355135648,115798400
2022-01-26,156.1188507080078,160.713741500623,154.2906743409117,159.84364519078215,108275300
2022-01-27,155.65936279296875,160.17604091465265,154.7403816352541,158.817126094803,121954600
2022-01-28,166.52093505859375,166.54049197821774,159.15932862262193,162.00425626677838,179935700
2022-01-31,170.87142944335938,171.08651082179728,165.71927719769477,166.3547503312831,115541600
2022-02-01,170.7052001953125,170.93005253238587,168.4566320719076,170.1186120178827,86213900
2022-02-02,171.90768432617188,171.94679815950911,169.45382085751916,170.8420635898593,84914300
2022-02-03,169.033447265625,172.29876649074853,168.27089152715305,170.57811566132818,89418100
2022-02-04,168.74960327148438,170.42349941150601,167.07570713146276,168.05458991972742,82465400
2022-02-07,168.0349884033203,170.27662295458384,167.3399751947351,169.20964451994723,77251200
2022-02-08,171.1380615234375,171.64708470161528,167.8098514342005,168.10351922686326,74829200
2022-02-09,172.5574493408203,172.91963117728815,171.20658637108463,172.33231049138615,71285000
2022-02-10,168.4853057861328,171.77435265074166,167.92735034711362,170.46265325992954,90865900
2022-02-11,165.07876586914062,169.42500712943504,164.49143031742815,168.6908451580762,98670700
2022-02-14,165.3136749267578,165.99888966269845,163.04266044585623,163.8355528500562,86185500
2022-02-15,169.14114379882812,169.29776862360237,166.65478818594016,167.3595849608588,62527400
2022-02-16,168.9062042236328,169.67951494494773,166.45899759893967,168.2209893560315,61177400
2022-02-17,165.3136749267578,168.27968759105596,164.91232953264935,167.41826624498145,69589300
2022-02-18,163.76705932617188,166.93862933962222,162.68049906023276,166.23384762062662,82772700
2022-02-22,160.84999084472656,163.16993775264925,158.72580252665216,161.4960419882263,91162800
2022-02-23,156.6897735595703,162.64136771002168,156.3765239008277,162.04424861753867,90009200
2022-02-24,159.3033905029297,159.411068207212,148.79018396900835,149.35793777917277,141147500
2022-02-25,161.36883544921875,161.63312305071847,157.472871153436,160.3801542624622,91974200
2022-02-28,161.63308715820312,161.92675492011216,158.99989062280463,159.61659142915732,95056600
2022-03-01,159.7537078857422,163.08191915753935,158.54968593823992,161.2220324342078,83474400
2022-03-02,163.0426788330078,163.82578787806702,159.50891214996344,160.91850544375748,79724800
2022-03-03,162.71969604492188,165.34310991558115,162.05406285981815,164.91239906095296,76678400
2022-03-04,159.7242431640625,162.0539881104368,158.67684673849317,161.0163751319354,83737200
2022-03-07,155.93603515625,161.53524604361925,155.68151606537282,159.91029698865853,96418800
2022-03-08,154.11526489257812,159.4403881412621,152.50989817230385,155.4661275372027,131148300
2022-03-09,159.50889587402344,159.9591883833685,156.04365849416726,158.0699374448171,91454900
2022-03-10,155.17250061035156,157.00300660733848,152.6861300144377,156.81701649151432,105342000
2022-03-11,151.4625244140625,155.9164439341305,151.23738556277695,155.57382899544626,96970100
2022-03-14,147.43931579589844,150.86540543880508,146.93030751756515,148.25179027503273,108732100
2022-03-15,151.8148956298828,152.28477002224423,147.2043670461277,147.71337523300835,92964300
2022-03-16,156.2198944091797,156.6212399212536,151.19823606106897,153.73353879751855,102300200
2022-03-17,157.22813415527344,157.60011436017203,154.30128444798586,155.26058530967927,75615400
2022-03-18,160.5171661376953,161.0066074424884,156.3862803303168,157.1204422875064,123511700
2022-03-21,161.88760375976562,162.83712104497158,159.56764191840216,160.05708320205216,95811400
2022-03-22,165.2549591064453,165.8422796739602,161.42752475473955,162.01484532225444,81532000
2022-03-23,166.6156463623047,168.99432437394225,164.1096938716203,164.44252537221885,98062700
2022-03-24,170.39410400390625,170.46261801995993,166.61561651162776,167.44765777264146,90131400
2022-03-25,171.03038024902344,171.57855215101324,169.1019802060181,170.20812239603873,80546200
2022-03-28,171.8917999267578,172.0190445148475,168.36781639958284,168.53422465828777,90371900
2022-03-29,175.18084716796875,175.22977935165113,172.6161644453855,172.95877935054617,100589400
2022-03-30,174.01596069335938,175.8171010585222,172.96854916161706,174.77948791199498,92633200
2022-03-31,170.9226837158203,174.2704602652505,170.71711180695456,174.08447018974397,103049300
2022-04-01,170.62901306152344,171.18698327855927,168.30906622272897,170.35492714540266,78751300
2022-04-04,174.67181396484375,174.72076108227714,170.75628355518236,170.8835430731966,76468400
2022-04-05,171.36317443847656,174.53475923368862,170.7366902126206,173.75165021722813,73401800
2022-04-06,168.201416015625,169.9634078617043,166.537318414103,168.7202226513366,89058800
2022-04-07,168.50486755371094,169.69910564386342,166.26323274049562,167.54556668896316,77594700
2022-04-08,166.49815368652344,168.15246782773184,165.62694868711696,168.15246782773184,76575500
2022-04-11,162.2498016357422,165.4605355802755,162.00508096962494,165.14730089465874,72246700
2022-04-12,164.11947631835938,166.28279871101802,163.12101178667447,164.47187468621496,79265200
2022-04-13,166.8015899658203,167.42807423573976,163.24825626550125,163.8551587010773,70618900
2022-04-14,161.7995147705078,167.6532440657547,161.55479409572018,167.01696134936807,75329400
2022-04-18,161.5841827392578,163.08187215208477,160.1158586140106,160.45845861462905,69023900
2022-04-19,163.864990234375,164.27613419341577,160.4486984988594,161.53525910702695,67723800
2022-04-20,163.69854736328125,165.31371275678185,162.59242008519655,165.19623667762264,67929800
2022-04-21,162.9056854248047,167.90777748771538,162.40646053829403,165.34310914814608,87227800
2022-04-22,158.37339782714844,164.32500539707067,158.08952846576778,162.9447923826861,84882400
2022-04-25,159.44041442871094,159.7242838315626,155.11375480994548,157.71757136622622,96046400
2022-04-26,153.48880004882812,158.91180327087787,153.41048764569481,158.82370741856425,95623200
2022-04-27,153.263671875,156.41566043489684,152.09879906936447,152.61760570667977,88063200
2022-04-28,160.18435668945312,161.04577820352466,155.57381282317428,155.88706244158715,130216800
2022-04-29,154.32086181640625,162.6903124384376,153.9293146853147,158.42238298865084,131747600
2022-05-02,154.62428283691406,154.88857035171824,150.0333216240582,153.40067973909794,123055300
2022-05-03,156.11221313476562,157.31624964341847,153.01895506893698,154.81029731534235,88966500
2022-05-04,162.51409912109375,162.964376768375,155.8968429541357,156.29818841895514,108256500
2022-05-05,153.45944213867188,160.61507214954577,151.67786848905013,160.38993331507154,130525300
2022-05-06,154.18487548828125,156.3023722983105,151.14587460582203,152.93986371222095,116124600
2022-05-09,149.06759643554688,152.76341048572758,148.50882129057032,151.8811126841976,131577900
2022-05-10,151.46937561035156,153.65550196924158,149.92046680625165,152.45950928453797,115366700
2022-05-11,143.61700439453125,152.39087300235883,142.9405806152843,150.47925033829725,142689800
2022-05-12,139.75450134277344,143.32286770290355,136.0685012982066,139.96037524904284,182602000
2022-05-13,144.21499633789062,145.18551933414366,140.29371306035543,141.74458368466105,113990900
2022-05-16,142.67591857910156,144.61696502202452,141.3426813570236,142.68573136301794,86643800
2022-05-17,146.30308532714844,146.82265416778552,143.79345144967377,145.93055862687706,78336300
2022-05-18,138.04879760742188,144.46008977155722,137.14688920750964,143.9601314929513,109742900
2022-05-19,134.64707946777344,138.87226008655338,133.91183880440775,137.12729010884627,136095600
2022-05-20,134.88232421875,137.9311222550243,130.00033122355916,136.3528052981394,137426100
2022-05-23,140.29368591308594,140.44072802413697,134.9411286932433,135.07837298305947,117726300
2022-05-24,137.59783935546875,139.17615657107172,134.62746828487894,138.03898075989613,104132700
2022-05-25,137.7546844482422,138.99968110716551,135.61757730341805,135.70580258630076,92482700
2022-05-26,140.95054626464844,141.49952360823445,134.44121569632296,134.68629593603174,90601500
2022-05-27,146.6951904296875,146.73439667634008,142.4013809336445,142.5288274126525,90978500
2022-05-31,145.9109344482422,147.69512536408004,143.95029298038025,146.13641898717157,103718400
2022-06-01,145.7834930419922,148.7538634677618,144.77374899266687,146.9500620711425,74286600
2022-06-02,148.23431396484375,148.29313081917098,143.96991252402043,144.920824891666,72348100
2022-06-03,142.51902770996094,145.05805472503135,141.61713446378366,144.00910439920688,88570300
2022-06-06,143.2641143798828,145.64630225545608,142.04851092055418,144.13659949613532,71598400
2022-06-07,145.7834930419922,146.06777945381725,141.26421416659088,141.5092943334597,67808200
2022-06-08,145.04827880859375,146.9206802540853,144.55811838609154,145.6560729457736,53950200
2022-06-09,139.8329620361328,145.03846322934638,139.7251261469218,144.1855888973648,69473000
2022-06-10,134.43142700195312,137.98998215242344,134.36279735008839,137.5194322486073,91437900
2022-06-13,129.28472900390625,132.53938671229503,128.85338540144875,130.25523715092532,122207100
2022-06-14,130.1473846435547,131.25515193955982,128.8925752102517,130.51011351307002,84784300
2022-06-15,132.76486206054688,134.63727870714717,129.55922325217023,131.64729675078482,91533000
2022-06-16,127.50054931640625,129.78469908531477,126.50061768881059,129.48080196283757,108123900
2022-06-17,128.97100830078125,130.4611001773296,127.25544681769559,127.51033981148552,134520300
2022-06-21,133.19618225097656,134.36276639582726,130.6963761788774,130.7943992837295,81000500
2022-06-22,132.6864471435547,135.04900927487205,131.2747825760473,132.13745484401576,73409200
2022-06-23,135.54896545410156,135.8626603415122,132.9609190593017,134.12750324123766,72433800
2022-06-24,138.8722686767578,139.1173489130396,137.01946268880786,137.14689423988725,89116800
2022-06-27,138.8722686767578,140.6662578013618,138.19584483125837,139.89179587794544,70207900
2022-06-28,134.73529052734375,140.59760460905184,134.61765682035212,139.33299738336785,67083400
2022-06-29,136.49008178710938,137.90174634957765,133.98046254650382,134.75492447437682,66242400
2022-06-30,134.02947998046875,135.64700354645933,131.13753620204082,134.5490488814723,98964500
2022-07-01,136.1959686279297,136.3038045198631,132.9903302157903,133.36284196732555,71051600
2022-07-05,138.77418518066406,138.82320420357954,134.23529590349486,135.05877659635996,73353800
2022-07-06,140.10748291015625,141.28386518046202,138.3036957651199,138.56838663745515,74064300
2022-07-07,143.46994018554688,143.66600133351363,140.46034846155806,140.470146283479,66253700
2022-07-08,144.1463623046875,144.646335480772,142.14651447587394,142.4013924960781,64547800
2022-07-11,142.01907348632812,143.7542455393016,140.95052737444695,142.8033331399919,63141600
2022-07-12,142.98960876464844,145.52863633565593,142.19555121961218,142.89157069008422,77588800
2022-07-13,142.6269073486328,143.56800712971256,139.3232154144063,140.17610485424197,71185600
2022-07-14,145.54823303222656,146.0187828364424,140.43095716603992,141.24462523992875,78140700
2022-07-15,147.2147979736328,147.89122183493336,145.28356446993823,146.83247339444262,76259900
2022-07-18,144.17576599121094,148.58720894116726,143.81303717687484,147.7735410020435,81420900
2022-07-19,148.0284423828125,148.25391198084102,144.01893385798232,145.0090524915063,82982400
2022-07-20,150.0283203125,150.69494637561027,147.41086501912858,148.14610577429508,64823400
2022-07-21,152.29287719726562,152.50854901941838,148.94997891240936,151.45959834271974,65086600
2022-07-22,151.05760192871094,153.20450649668453,150.39099108197328,152.3320217363922,66675400
2022-07-25,149.94009399414062,151.98896129458768,149.28328071900498,150.97923186102722,53623900
2022-07-26,148.61663818359375,150.0773065915356,147.83237855759032,149.2636385384265,55138700
2022-07-27,153.7045440673828,154.23392585668,149.16566738729702,149.5774004686874,78620700
2022-07-28,154.2534942626953,154.53778073211737,151.37134852302864,153.8907653704556,81378700
2022-07-29,159.31192016601562,160.40988958103017,156.36116008489938,158.0669235799792,101786900
2022-08-01,158.3316192626953,160.3706884793457,157.72382510643268,157.84145882480365,67829400
2022-08-02,156.8611297607422,159.2139087149108,156.48861801917639,156.94937000342367,59907000
2022-08-03,162.86068725585938,163.31162641377182,157.5865569548774,157.67478223031586,82507500
2022-08-04,162.54701232910156,163.89986001020398,161.19416464799912,162.74307352499065,55474100
2022-08-05,162.3212127685547,162.81205403488926,160.01425282506756,160.22041274781424,56697000
2022-08-08,161.8500213623047,164.7361708864107,161.19229575323052,163.32254540690658,60276900
2022-08-09,161.89907836914062,162.78260161908204,160.2596703687026,161.01557009848563,63135500
2022-08-10,166.1399688720703,166.23812814464867,163.8428202002786,164.60853143111325,70170500
2022-08-11,165.40367126464844,167.85787723936662,165.10916355182533,166.9449048275435,57149200
2022-08-12,168.94757080078125,169.01628078921996,166.29701596444957,166.70933581222894,68039400
2022-08-15,170.0176239013672,170.21395743937939,168.21133138479297,168.37821564106778,54091700
2022-08-16,169.8605499267578,170.52810192661653,168.51564947224608,169.61512926108554,56377100
2022-08-17,171.35269165039062,172.92337473871223,169.40896440067246,169.6052979143018,79542000
2022-08-18,170.96002197265625,171.6962839363271,169.94889007422466,170.56735491708034,62290100
2022-08-19,168.37823486328125,170.55757183637587,168.17207488829533,169.8605704706802,70346300
2022-08-22,164.5005340576172,166.74858025975374,164.0784028181707,166.58169604206546,69026800
2022-08-23,164.1667938232422,165.61969500518398,163.597416059393,164.0195474098714,54147100
2022-08-24,164.46127319335938,165.03065085876125,163.20472075222654,164.2551282502834,53841500
2022-08-25,166.9154815673828,167.02346724627097,165.2662620854037,165.688378388784,51218200
2022-08-26,160.6229248046875,167.91683533755338,160.5640262370915,167.44563181749547,78961000
2022-08-29,158.4239501953125,159.91609703205498,156.89252766433086,158.19815240165843,73314000
2022-08-30,155.99917602539062,159.58231130465205,154.8309714061125,159.16019500251252,77906200
2022-08-31,154.34014892578125,157.6386032608909,154.2616125155062,157.37354474862363,87991100
2022-09-01,155.06658935546875,155.5181549609377,151.83684522830168,153.77076113952282,74229900
2022-09-02,152.95596313476562,157.42262194968552,152.13135334781393,156.82379496598037,76957800
2022-09-06,151.69943237304688,154.21253778677115,150.87482246778544,153.60389928231007,73714800
2022-09-07,153.1032257080078,153.80021196934476,150.79626559392008,151.9841081371773,87449600
2022-09-08,151.63072204589844,153.4959132532277,149.88331299426738,151.80741774838046,84923800
2022-09-09,154.48741149902344,154.92918072545984,151.91540745534934,152.62222024249937,68028800
2022-09-12,160.43637084960938,161.2511691580026,156.38203213199495,156.6667134786447,104956000
2022-09-13,151.02207946777344,157.59935128029267,150.56068735003652,156.9710748828432,122656600
2022-09-14,152.46510314941406,154.22232317214238,150.79624593389804,151.95462406702927,87965400
2022-09-15,149.57896423339844,152.39640331677907,148.6071081028978,151.81719923234522,90481100
2022-09-16,147.93954467773438,148.5776472684102,145.65222273370736,148.44021232229758,162278800
2022-09-19,151.6503143310547,151.7288507316376,146.36887246061372,146.57501740526791,81474200
2022-09-20,154.0260009765625,155.18439428665013,150.27598106267698,150.59011171978128,107689800
2022-09-21,150.90426635742188,155.8323177224437,150.78646922639234,154.45795295017905,101696800
2022-09-22,149.94219970703125,151.6405063427645,148.14571882351763,149.58879338602387,86652500
2022-09-23,147.6744842529297,148.69544239271363,145.83874285871622,148.42057250414538,96029900
2022-09-26,148.00827026367188,150.95331767501642,146.898964278694,146.91860212230296,93339400
2022-09-27,148.9801483154297,151.88593544780034,147.20330517830297,149.9422080635759,84442700
2022-09-28,147.09532165527344,147.8806707549768,142.1869085062377,144.93562286555536,146691400
2022-09-29,139.87013244628906,144.03247205665744,138.1031007730531,143.42383363893248,128138200
2022-09-30,135.66854858398438,140.4788028880648,135.47221503631138,138.69213315187477,124925300
2022-10-03,139.8406982421875,140.44935170481597,135.16789396191245,135.67837316238783,114311700
2022-10-04,143.423828125,143.54162523892447,141.61752082886468,142.3734205948832,87830100
2022-10-05,143.7183074951172,144.6803670999918,140.39040452379436,141.43100052371705,79471000
2022-10-06,142.76609802246094,144.83744897574383,142.55995305808347,143.13914221609966,68402200
2022-10-07,137.52392578125,140.47880029356153,136.8956494527264,139.9290453992253,85925600
2022-10-10,137.84786987304688,139.29094450363405,136.03176603772727,137.84786987304688,74899000
2022-10-11,136.43421936035156,138.76081689569904,135.68814610919395,137.337365394685,77033700
2022-10-12,135.8059844970703,137.78898779453903,135.62928879673916,136.58152223774053,70433700
2022-10-13,140.37078857421875,140.95978909716513,131.90867508719168,132.51732843397534,113224000
2022-10-14,135.84524536132812,141.87277603175662,135.65872326737428,141.66661609125816,88598000
2022-10-17,139.8014373779297,140.282452315822,137.7006369919499,138.48598615048115,85250900
2022-10-18,141.11688232421875,144.0128431743189,138.03439937209953,142.825015544548,99136600
2022-10-19,141.224853515625,142.2948839097448,138.9080820775627,139.09460416043055,61758300
2022-10-20,140.76344299316406,143.21764906737312,140.03699260265552,140.40022528755236,64522000
2022-10-21,144.57235717773438,145.14173471185765,140.03697474503744,140.25294605036981,86548600
2022-10-24,146.7124786376953,147.47818995640918,143.32567626964715,144.4938810962025,75981900
2022-10-25,149.54954528808594,149.6968066869272,146.62413491177585,147.34075911907576,74732300
2022-10-26,146.61431884765625,149.2059606049606,145.32830191392304,148.19482861119383,88194300
2022-10-27,142.14764404296875,146.31979510961392,141.48991849585923,145.35775035197634,109180200
2022-10-28,152.88726806640625,154.6150242142885,145.11234293200243,145.48537216958695,164762400
2022-10-31,150.53118896484375,151.4147121907347,149.1372016307876,150.35449330723716,97943200
2022-11-01,147.89048767089844,152.60256746450293,146.39834080336652,152.23934967138234,80379300
2022-11-02,142.37342834472656,149.3826416112209,142.34397906464244,146.22162239502856,93604600
2022-11-03,136.33609008789062,140.1842842462697,136.2084665510831,139.45783369878677,97918500
2022-11-04,136.07058715820312,140.28898493787645,132.1373429796548,139.71866273149064,140814800
2022-11-07,136.6015625,136.827719829141,133.40580174577732,134.82177198830993,83374600
2022-11-08,137.17190551757812,139.069688836373,135.19545550623369,138.06672226567503,89908500
2022-11-09,132.619140625,136.23773265765962,132.34381476431366,136.18856411022261,74917800
2022-11-10,144.4188995361328,144.4188995361328,137.171901375878,138.88286812786214,118854000
2022-11-11,147.20169067382812,147.5065147597333,141.96063992686575,143.38645323831483,93979700
2022-11-14,145.80535888671875,147.77198095425382,144.96953850636208,146.48384590068005,73374100
2022-11-15,147.5360107421875,151.02676861885655,146.08071431905194,149.67963703147598,89868300
2022-11-16,146.30685424804688,147.36883205309908,144.83188757505272,146.64119143040293,64218300
2022-11-17,148.2046356201172,148.9519465811487,143.71089713297823,143.98622301357588,80389400
2022-11-18,148.76512145996094,150.15159363499748,147.4671586821555,149.76810292744864,74829600
2022-11-21,145.53988647460938,147.8605015253363,145.25473282614936,147.6540145740021,58724100
2022-11-22,147.67364501953125,147.9096450709946,144.47788413446048,145.65786938764137,51804100
2022-11-23,148.54879760742188,149.29610855403772,146.8476588015229,146.95582360996656,58301400
2022-11-25,145.63819885253906,146.3953525551104,144.66471552066162,145.8348580598712,35195900
2022-11-28,141.81312561035156,144.19273663104678,140.98714790150922,142.71777000634125,69246000
2022-11-29,138.8140411376953,142.393293327039,138.00773375100172,141.88196729880755,83763800
2022-11-30,145.55953979492188,146.23802684928043,138.2043770255708,139.04018245155586,111380900
2022-12-01,145.8348846435547,146.64120704597443,144.16325857031342,145.73656252403373,71250400
2022-12-02,145.34320068359375,145.53003217962117,143.21924526160134,143.52408428382984,65447400
2022-12-05,144.1829071044922,148.4013049961633,143.33725898348703,145.3038811249747,68826400
2022-12-06,140.52499389648438,144.8417290558683,139.55151049910586,144.61557170242608,64727200
2022-12-07,138.58787536621094,140.97731424983792,137.66356048798676,139.8170142991394,69721100
2022-12-08,140.26931762695312,141.12480845757423,138.7451974772698,139.9841640195035,62128300
2022-12-09,139.78750610351562,143.14060047218985,138.54852454565471,139.96449489513216,76097000
2022-12-12,142.07861328125,142.0884409898644,138.7058487137347,140.31847817047847,70462700
2022-12-13,143.042236328125,147.467135331872,141.83276813492486,147.00497801337218,93886200
2022-12-14,140.8199920654297,144.21241242784126,138.80420126905452,142.92427726159215,82291200
2022-12-15,134.22195434570312,139.43350575702271,133.7597969655739,138.75501875197617,98931900
2022-12-16,132.2651824951172,135.35277902524194,131.4982009688156,134.4088086870883,160156900
2022-12-19,130.16087341308594,132.94364536804903,129.12840885731634,132.8551509782634,79592600
2022-12-20,130.092041015625,131.02618341248566,127.72225803734129,129.19722445474264,77432800
2022-12-21,133.18948364257812,134.52678732015247,130.5345467103143,130.76070405901197,85928000
2022-12-22,130.02322387695312,132.31434056379908,128.12544063659777,132.10785363301125,77852100
2022-12-23,129.65940856933594,130.21006041152802,127.47645662054781,128.7350936895975,63814900
2022-12-27,127.85993194580078,129.2169059676245,126.57179689801647,129.18740783707491,69007800
2022-12-28,123.93653106689453,128.84325132058044,123.76936998157427,127.50594763388183,85438400
2022-12-29,127.44693756103516,128.30241331797103,125.59831560715067,125.8539710621533,75703700
2022-12-30,127.76161193847656,127.78128236285382,125.30334153820444,126.26698977683235,77034200
2023-01-03,122.98271179199219,128.71540946850325,122.09773035328112,128.10576142344397,112117500
2023-01-04,124.25119018554688,126.51280869797894,122.99255318811515,124.77234386397704,89113600
2023-01-05,122.93353271484375,125.63763785036865,122.67787726715527,125.0083194371755,80962700
2023-01-06,127.456787109375,128.11560378272642,122.80572954739813,123.90704074173942,87754700
2023-01-09,127.9779052734375,131.18350835097178,127.72224984563988,128.2925719576192,70790800
2023-01-10,128.54824829101562,129.06940194282927,125.98180587179891,128.08609090104719,63896200
2023-01-11,131.26220703125,131.28186245070447,128.28277553296553,129.0595847172529,69458900
2023-01-12,131.1835479736328,132.019353473187,129.2464237509339,131.6457054280313,71379600
2023-01-13,132.51097106933594,132.66830441383743,129.4627162913207,129.82653652186355,57809700
2023-01-17,133.6713104248047,134.99877137842552,131.89151977321038,132.5798345273993,63646600
2023-01-18,132.9534912109375,136.29674271738915,132.7764874230637,134.53662257229425,69672800
2023-01-19,133.0124969482422,133.9761376268957,131.53753029546903,131.84235433638028,58280400
2023-01-20,135.569091796875,135.71659745917918,131.98001240951498,133.02231973826562,80223600
2023-01-23,138.75503540039062,140.92815961902411,135.59860004292767,135.81492969380113,81760300
2023-01-24,140.15135192871094,140.77084282048162,137.95857203194126,137.96839974299797,66435100
2023-01-25,139.49252319335938,140.05300275817604,136.49342112366645,138.53871015801215,65799300
2023-01-26,141.55747985839844,141.8426334902846,139.53184628445516,140.78065564701856,54105100
2023-01-27,143.4945831298828,144.77289057415175,140.69215546789684,140.77082215722044,70555800
2023-01-30,140.61346435546875,143.12091025214485,140.46597371619012,142.54076039880331,64015300
2023-01-31,141.88197326660156,141.93114182979278,139.90552306108117,140.31851198443744,65874500
2023-02-01,143.00291442871094,144.16322923439725,138.96152054070433,141.56728874190614,77663600
2023-02-02,148.30299377441406,148.65697138188685,145.6972102432423,146.41502317640206,118339000
2023-02-03,151.92153930664062,154.7534795979514,145.36285717719954,145.55951636317744,154357300
2023-02-06,149.19776916503906,150.54491539574025,148.26362674506663,150.0237617823619,69858300
2023-02-07,152.06906127929688,152.63938353904294,148.12598902287087,148.12598902287087,83322600
2023-02-08,149.38462829589844,152.00023955919008,148.64714493246836,151.3119247541495,64120100
2023-02-09,148.3521270751953,151.75438976697808,147.9096401221254,151.21356571138807,56007100
2023-02-10,148.71653747558594,149.04152741969745,146.95372962642622,147.19009004770194,57450700
2023-02-13,151.51339721679688,151.91715888947925,148.62788900472555,148.65743217523777,62199000
2023-02-14,150.87326049804688,151.43461079325414,148.56880303013764,149.8096612758476,61707600
2023-02-15,152.97088623046875,153.13830250713502,150.55809926068437,150.78460186711027,65573800
2023-02-16,151.37551879882812,153.95572244720177,151.02098573800205,151.17854429955682,68167900
2023-02-17,150.233154296875,150.6763169294936,148.55897600306773,150.03619479649413,59144100
2023-02-21,146.2249298095703,149.0021077790729,146.15600076088242,147.91880821074704,58867200
2023-02-22,146.6483917236328,147.67258982358598,144.92497033349784,146.60899081957194,51011300
2023-02-23,147.13096618652344,148.05669224456878,145.00378282832062,147.81048914517564,48394200
2023-02-24,144.4818572998047,144.9545631210652,143.5068874555982,144.87577631301392,55469600
2023-02-27,145.67343139648438,146.90444675275575,145.2105684203629,145.46662923177482,44998500
2023-02-28,145.17123413085938,146.81586942805245,144.60004099931746,144.81670098117985,50547000
2023-03-01,143.10311889648438,144.9939573168816,142.80767210613058,144.6000382811085,55479000
2023-03-02,143.69400024414062,144.48185327566276,141.7145174362223,142.1872382713636,52238100
2023-03-03,148.7362060546875,148.8149928448926,145.0924034132026,145.79161175732688,70732300
2023-03-06,151.4936981201172,153.92618602775224,151.1293223291666,151.4542972077173,87558000
2023-03-07,149.29757690429688,151.69066400049135,148.83471383986452,151.36567408118486,56182000
2023-03-08,150.54827880859375,151.13917230662574,149.52408044265695,150.48919246419973,47204800
2023-03-09,148.3029022216797,152.1929083670859,147.9483691410299,151.2277963802791,53833600
2023-03-10,146.24465942382812,148.64760438030467,145.3681768808884,147.92869544727571,68572400
2023-03-13,148.1847381591797,150.81418573238946,145.45680332509693,145.56513330123872,84457100
2023-03-14,150.2725067138672,151.07020228030825,147.82033368029548,148.98240499263105,73695900
2023-03-15,150.66644287109375,150.92248866561948,147.64306182318006,148.89377768233683,77167900
2023-03-16,153.48300170898438,154.08373780814682,149.33693534803646,149.84904194741503,76161100
2023-03-17,152.6459197998047,154.35949876084172,151.93685367986137,153.70951897971963,98944600
2023-03-20,155.00946044921875,155.4230948668754,151.80882025865256,152.71486085947325,73641400
2023-03-21,156.86094665527344,156.97911935630492,154.16255477435743,154.93072241220443,73938300
2023-03-22,155.4329376220703,159.6774765177441,155.41323716716616,156.88061300312046,75701800
2023-03-23,156.51625061035156,159.09646969740976,155.28523492873595,156.41777837205046,67622100
2023-03-24,157.81619262695312,157.90482213956633,155.45264879499626,156.44730394409444,59196500
2023-03-27,155.8760986328125,158.3282868109909,155.4723219600322,157.5108907515981,52390300
2023-03-28,155.2556610107422,156.08291480553032,153.61102618902072,155.57080817581272,45992200
2023-03-29,158.3282928466797,158.60403911493316,156.92986104995282,156.94954647836764,51305700
2023-03-30,159.89418029785156,160.00251028897196,158.82073813032568,159.07678400613375,49501700
2023-03-31,162.3955841064453,162.49407137264149,159.4510041879724,159.97295363930863,68749800
2023-04-03,163.64630126953125,163.76447396805997,161.7259197832038,161.7751634166065,56976200
2023-04-04,163.114501953125,164.3061166832112,162.60239523685718,164.06977129650792,46278300
2023-04-05,161.2728729248047,162.54328933366952,159.34264903941414,162.2379998945446,51511700
2023-04-06,162.1592254638672,162.45467221127325,159.53962067833683,159.96308282888376,45390100
2023-04-10,159.56915283203125,159.56915283203125,157.64877164706385,158.96841666370352,47716900
2023-04-11,158.3578338623047,159.8941387722609,158.0722298566841,159.88429605818737,47644200
2023-04-12,157.66847229003906,159.59869619161648,157.35332510698044,158.77145737665472,50133100
2023-04-13,163.04554748535156,163.28190788405584,158.96842452673738,159.1752417539843,68445600
2023-04-14,162.70086669921875,163.794009087704,161.33197803499354,162.09027277975596,49386500
2023-04-17,162.72055053710938,162.8781241294329,161.53877864877254,162.5826774005875,41516200
2023-04-18,163.94174194335938,164.86746811951792,163.13418846133288,163.57736611842117,49923000
2023-04-19,165.08412170410156,165.60607111909823,163.02585218946155,163.2819130529251,47720200
2023-04-20,164.11898803710938,165.32046042282218,163.04554607797024,163.56749547193866,52456400
2023-04-21,162.51376342773438,163.92203809382642,161.99181400338804,162.54330660065614,58337300
2023-04-24,162.8190155029297,163.08491902519904,161.4008834202169,162.49402564838778,41949600
2023-04-25,161.28273010253906,163.78414697340926,161.24332919160244,162.68116189989732,48714100
2023-04-26,161.2728729248047,162.76979197769046,160.32746143764658,160.58350725145092,45498800
2023-04-27,165.85227966308594,165.99999552987848,162.68118215487013,162.68118215487013,64902300
2023-04-28,167.10296630859375,167.27039764589344,165.33031595199535,165.93105213681218,55275900
2023-05-01,167.01431274414062,167.86125191507637,166.07874407354768,166.70902333840385,52472900
2023-05-02,165.9802703857422,167.76279339985444,164.99545801480568,167.50673256610264,48425700
2023-05-03,164.9068145751953,168.3241144157863,164.62122562365215,166.92568277045305,65136000
2023-05-04,163.2720489501953,164.50306450874902,161.81453073644045,162.3857237588548,81235400
2023-05-05,170.93389892578125,171.65280778469676,168.1665634032941,168.38322333782398,113453200
2023-05-08,170.86495971679688,171.20965008439242,169.49607101524845,169.86044681233003,55962800
2023-05-09,169.16122436523438,170.90433143409618,168.99380806621033,170.42178299192224,45326900
2023-05-10,170.92405700683594,171.38692008917508,169.28926463206565,170.3922648627901,53724500
2023-05-11,171.11114501953125,171.9383837832071,169.55513971049686,171.2096322648924,49514700
2023-05-12,170.18414306640625,171.6535334613317,168.63584185680983,171.2196142676148,45533100
2023-05-15,169.69107055664062,170.81530899814229,169.09935977781652,170.7659972586019,37266700
2023-05-16,169.69107055664062,170.74626955321972,169.42479920138675,169.61217478294208,42110300
2023-05-17,170.302490234375,170.53916250241704,168.06386972955488,169.3360433616003,57951600
2023-05-18,172.62986755371094,172.81724313624747,170.19401507639674,170.60820660461047,65496700
2023-05-19,172.7383575439453,173.95134816577144,172.5213979143073,173.95134816577144,55809500
2023-05-22,171.79161071777344,172.2945693897219,171.05197977463047,171.57465110395842,43570900
2023-05-23,169.18812561035156,170.9829707500323,168.9119979039132,170.73642708015296,50747300
2023-05-24,169.4642333984375,170.03621645106807,168.16249079935005,168.7246024757336,45143500
2023-05-25,170.59835815429688,171.49576564962197,169.31632809947834,170.02637505144457,56058300
2023-05-26,173.00460815429688,173.33991896491864,170.71669083708804,170.92379413047703,54835000
2023-05-30,174.8487548828125,176.51539231960112,174.12885165758402,174.51345913931758,55964400
2023-05-31,174.7994384765625,176.87041104464083,174.3162075312564,174.87833424607143,99625300
2023-06-01,177.6001739501953,177.62975798334406,174.4838587106697,175.24321733975688,68901800
2023-06-02,178.4482879638672,179.2668146743205,176.78165050926717,178.52718373632618,61996900
2023-06-05,177.09722900390625,182.39298156722955,175.57851175717974,180.10506441660397,121946500
2023-06-06,176.7323455810547,177.62975297431,174.97694105936182,177.4818328127375,64848400
2023-06-07,175.36155700683594,178.7046879636189,174.86846975629078,175.97298038220674,61944600
2023-06-08,178.07354736328125,178.3398036598064,175.00654388250445,175.44044804834044,50214900
2023-06-09,178.4582061767578,179.7106373926918,178.13276667288895,178.99073397083072,48900000
2023-06-12,181.2490234375,181.34764691680866,178.468018885392,178.7638742754878,54274900
2023-06-13,180.77566528320312,181.60404834381112,179.91769818813273,180.2727216495119,54929100
2023-06-14,181.40682983398438,181.84074910193183,179.50351991974284,180.8348467124019,57462900
2023-06-15,183.4383544921875,183.9413132306641,181.23918907707676,181.4167083517838,65433200
2023-06-16,182.3634033203125,184.40479194393566,181.72239585614398,184.14837692000424,101256200
2023-06-20,182.45216369628906,183.52710548415504,181.86046794433722,181.86046794433722,49799100
2023-06-21,181.41668701171875,182.84663717983523,180.0656175699355,182.34367850052172,49515700
2023-06-22,184.41465759277344,184.46396933431626,181.13069423738702,181.19973368511316,51245300
2023-06-23,184.0990447998047,184.96688315796402,182.45213522308205,182.9846778693447,53117000
2023-06-26,182.7085723876953,185.4501365723536,182.6691169769034,184.24700235631448,48088700
2023-06-27,185.4600067138672,185.78544616190248,183.10304984582174,183.32000947784528,50730800
2023-06-28,186.63352966308594,187.27453708797546,185.0063477089331,185.33177206150037,51216800
2023-06-29,186.96885681152344,187.44223149955704,186.3278492789131,186.46591313429835,46347300
2023-06-30,191.28829956054688,191.79124321876165,188.61575961709715,188.98065447297634,85213200
2023-07-03,189.7991943359375,191.19956064074086,189.10885998965753,191.10093714903454,31458200
2023-07-05,188.68479919433594,190.31198136153697,187.98460856583768,188.92148652956726,46920300
2023-07-06,189.15817260742188,189.36527592182694,186.58425595947688,187.21540718494302,45094300
2023-07-07,188.04376220703125,190.0062550438309,187.60985803081866,188.7636804868427,46815000
2023-07-10,186.0023956298828,187.36332142042107,184.4540942539423,186.6434031135775,59922200
2023-07-11,185.47972106933594,186.68285528837708,184.02018687082855,186.5447914459214,46638100
2023-07-12,187.1463623046875,189.04967210294507,185.86433228601203,187.05759515232103,60750200
2023-07-13,187.9056854248047,188.5467078881079,187.15619821079162,187.86624506525828,41342300
2023-07-14,188.05364990234375,188.53686585918993,187.00830716161786,187.6000029338883,41616200
2023-07-17,191.30799865722656,191.63343805134278,189.15813040004866,189.24688249449068,50520200
2023-07-18,191.05160522460938,191.64331601668746,189.75971887799713,190.6768691009351,48288200
2023-07-19,192.40267944335938,195.48939585264796,189.9865395225249,190.4303301514657,80507300
2023-07-20,190.4599151611328,193.7537348839622,189.8386203157028,192.39280905028917,59581200
2023-07-21,189.28634643554688,192.2744541324422,188.58615588066942,191.4164870851642,71951700
2023-07-24,190.08514404296875,192.21528467718613,189.59205676918674,190.73602285584008,45377800
2023-07-25,190.94313049316406,191.75180092732498,190.25281124926505,190.65714646634552,37283200
2023-07-26,191.8109588623047,192.9351972994816,190.64728006234532,190.99243214213982,47471900
2023-07-27,190.54864501953125,194.47361545879667,189.88790988625553,193.30993672945922,47460200
2023-07-28,193.12258911132812,193.9115318637554,191.45595149688123,191.97862287270013,48291400
2023-07-31,193.7340087890625,193.77346420221568,192.56045853696887,193.34940127389015,38824100
2023-08-01,192.90560913085938,194.0101198390568,192.58016971551623,193.52690392813534,35175100
2023-08-02,189.91749572753906,192.48154051645844,189.19759252290805,192.34347668203839,50389300
2023-08-03,188.5269775390625,189.7103839306254,188.05361799200307,188.92145636813592,61235200
2023-08-04,179.4739227294922,184.78940327661547,179.40488328381886,182.95511789971007,115956800
2023-08-07,176.37733459472656,180.59816071157974,174.89807268327345,179.6119861039443,97576100
2023-08-08,177.314208984375,177.77771228390873,175.12490000933562,177.20572916857282,67823000
2023-08-09,175.72645568847656,178.42856448196,174.56276182695083,178.3693964131728,60378500
2023-08-10,175.50950622558594,178.25107058876787,175.14462641506705,176.9986245515979,54686900
2023-08-11,175.56874084472656,176.3883728930982,174.34424265962002,175.10462674008653,52036700
2023-08-14,177.2178955078125,177.44501774834183,175.09474782272636,175.74650562753334,43675600
2023-08-15,175.23301696777344,177.23765386072782,174.8380204140677,176.6451590301692,43622600
2023-08-16,174.36399841308594,176.30937200366554,174.29486573787133,174.91699954220002,46964900
2023-08-17,171.8260955810547,175.29223725703497,171.31258808782235,174.9268647491592,66062900
2023-08-18,172.30996704101562,172.9123464424467,169.81157749118245,170.14732599213767,61172200
2023-08-21,173.64309692382812,173.92948217703207,171.56934282132403,172.88272795365145,46311900
2023-08-22,175.01573181152344,175.46010661888187,174.04797988711957,174.84785755399471,42038900
2023-08-23,178.85714721679688,179.2817827873095,176.10201110060572,176.28963972003098,52722800
2023-08-24,174.1763458251953,178.83737622633825,173.810958290209,178.41274073112407,54945800
2023-08-25,176.37852478027344,176.91177162464882,173.62338845938785,175.16389608553052,51449600
2023-08-28,177.93878173828125,178.33377827348758,176.31927183489213,177.8400250704037,43820700
2023-08-29,181.81964111328125,182.58989476243158,177.25736718090633,177.4548654120463,53003900
2023-08-30,185.30552673339844,185.50304002187465,182.43189523110905,182.6293934514369,60813900
2023-08-31,185.5228271484375,186.75721017905872,185.13770024560978,185.49320316115478,60794500
2023-09-01,187.0929412841797,187.54718572230075,185.92767607044595,187.1225652663115,45766500
2023-09-05,187.32994079589844,187.6064413525269,185.26605625958229,185.92768366781115,45280000
2023-09-06,180.6248016357422,186.49059214043663,179.20278998997966,186.0462022000218,81755800
2023-09-07,175.34161376953125,175.98350189646143,171.37183427986267,172.99134398653018,112488800
2023-09-08,175.953857421875,177.9881329660241,175.56873058484743,176.121746745329,65551300
2023-09-11,177.11915588378906,178.0474143493556,175.12438865362392,177.82029208697838,58953100
2023-09-12,174.09735107421875,177.87950173703112,172.6358460753217,177.24749835360407,90370200
2023-09-13,172.0334930419922,175.0848841389881,171.80635572558617,174.30474566083996,84267900
2023-09-14,173.5443572998047,173.89986015970092,171.4113401404273,171.82609096561458,60895800
2023-09-15,172.82347106933594,174.29486087176767,171.6483512368518,174.27510652680778,109259500
2023-09-18,175.74649047851562,177.13887792290447,173.9689761950564,174.2751007250675,67257600
2023-09-19,176.83277893066406,177.38578010579235,174.91701409671836,175.3021409914078,51826900
2023-09-20,173.29747009277344,177.45486279571944,173.20858308214417,177.02035765272817,58436200
2023-09-21,171.7569580078125,174.0973581099587,171.6878404044714,172.36922214048295,63149100
2023-09-22,172.606201171875,174.86759879629756,171.87545623128412,172.4877052502978,56725400
2023-09-25,173.880126953125,174.7590070374673,171.97423178505466,172.02361011818323,46172700
2023-09-26,169.8115997314453,173.01111068359924,169.51534481079926,172.63586851438868,64588900
2023-09-27,168.30068969726562,170.87808171574733,166.93794126401278,170.46333088230946,66921800
2023-09-28,168.55746459960938,169.8807195182162,165.5258128129139,167.2243249736919,56294400
2023-09-29,169.07093811035156,170.9077001905232,168.211797495528,169.87081569769032,51861100
2023-10-02,171.5792236328125,172.12235512412923,168.79444856905252,169.0808338409062,52164500
2023-10-03,170.24609375,171.46073744550782,168.6858469308082,170.1078434596355,49594600
2023-10-04,171.49032592773438,172.03345733749015,168.83393190668662,168.95242782585208,53020300
2023-10-05,172.72474670410156,173.25799352598938,170.52259660006877,171.6187292983148,48527900
2023-10-06,175.2725067138672,175.76625988669193,171.0163417068709,171.6286058875163,57266700
2023-10-09,176.75375366210938,176.81300162773064,173.60360623261292,174.60098214625398,42390800
2023-10-10,176.1612548828125,177.47464011941017,175.72674968355904,175.8748846750232,43698000
2023-10-11,177.55361938476562,177.60299770884345,175.38110873868183,175.9736034231689,47551100
2023-10-12,178.45225524902344,180.06188013769966,176.80310660532254,177.82025187235598,56743100
2023-10-13,176.61550903320312,179.6570151987734,175.91437292525092,179.1533924067404,51427100
2023-10-16,176.48715209960938,176.8426550206093,174.3047562379969,174.54176320804768,52517000
2023-10-17,174.93673706054688,176.19087429527403,172.61610626933813,174.44298390478113,57549400
2023-10-18,173.64309692382812,175.36136323860268,172.92222157401596,173.38635072108465,54764400
2023-10-19,173.2678680419922,175.61812287122567,173.00123711265553,173.84060845589931,59302900
2023-10-20,170.7200927734375,173.22835212793277,170.4830858385587,173.11972583296543,64244000
2023-10-23,170.8385772705078,171.83595313524123,167.80692592091492,168.77469287243957,55980100
2023-10-24,171.2731170654297,171.50023932449824,169.30797385167378,170.88799016172553,43816600
2023-10-25,168.96234130859375,170.89784530264086,168.51795139973865,169.73259505065448,57157000
2023-10-26,164.804931640625,169.2388405091802,163.600172706508,168.2414494672427,70625300
2023-10-27,166.11830139160156,166.8490614359056,164.745668316651,164.82467062426355,58499100
2023-10-30,168.16241455078125,169.03142477889003,166.76015763515437,166.9082925975718,51131000
2023-10-31,168.63648986816406,168.76485546731004,165.80233595599515,167.23423244098677,44846000
2023-11-01,171.79647827148438,172.05322449399938,167.99457285522465,168.86358325166134,56934900
2023-11-02,175.3514862060547,175.55885407348563,173.2678474852133,173.32709544733643,77334800
2023-11-03,174.44297790527344,174.61086723243213,171.1842192438163,172.06309922812656,79829200
2023-11-06,176.99073791503906,177.18823614800198,174.00847994055556,174.17635419198152,63841300
2023-11-07,179.54843139648438,180.1606805785339,176.7340319643902,176.94139988237026,70530000
2023-11-08,180.60504150390625,181.15804266662394,179.3212801943679,180.07179468790036,49340300
2023-11-09,180.13104248046875,181.81966995293175,179.53853262491765,180.67417400336535,53763500
2023-11-10,184.3136749267578,184.48178544542026,181.475802800193,181.9108804268445,66133400
2023-11-13,182.73158264160156,183.9478113332898,182.14818998578377,183.7401702602705,43627500
2023-11-14,185.34205627441406,186.0045554032819,184.21481647353394,185.59914075952597,60108400
2023-11-15,185.9056396484375,187.3789678351275,185.67821821290843,185.74744196041772,53790500
2023-11-16,187.58665466308594,188.82266388785246,186.5385061665612,187.4482222334322,54412900
2023-11-17,187.5668487548828,188.24912816814668,186.4593894684262,188.12057839811112,50922700
2023-11-20,189.30714416503906,189.76200213676566,187.75472463510502,187.76460727588125,46505100
2023-11-21,188.50624084472656,189.37639617894334,187.61632022600733,189.26762676216626,38134500
2023-11-22,189.16871643066406,190.77057938008178,188.6940931656517,189.3467095850447,39617700
2023-11-24,187.84371948242188,188.76330300712377,187.13177703645835,188.73363999587542,24048300
2023-11-27,187.6657257080078,188.53588093642713,186.78568783853885,187.79427548166112,40552600
2023-11-28,188.26890563964844,188.9413024556769,187.2800983304318,187.65584993609482,38415400
2023-11-29,187.2504425048828,189.93999969621768,186.85492560121705,188.76331653900834,43014200
2023-11-30,187.82394409179688,188.18981305356235,186.08364867108205,187.71517468500207,48794400
2023-12-01,189.09950256347656,189.4159130354433,187.11199034893104,188.1996843513192,45704800
2023-12-04,187.3097686767578,187.9228394923183,185.35193435249073,187.85361573572166,43389500
2023-12-05,191.25509643554688,192.2241233156588,188.05135551468544,188.081033613139,66628400
2023-12-06,190.1674346923828,192.58011192579394,189.95977851245675,192.27358406476233,41089700
2023-12-07,192.0955810546875,192.81740609388598,191.42318430562543,191.4627450433353,47477700
2023-12-08,193.5194854736328,193.79635031367135,191.50231010992096,192.02637677770835,53406400
2023-12-11,191.01779174804688,191.3243346926335,189.27749628821252,190.9485830810774,60943700
2023-12-12,192.53065490722656,192.54053754746204,189.5741159727842,190.91889435682484,52696900
2023-12-13,195.74427795410156,195.78382360297798,192.6690869899489,192.90639105920806,70404200
2023-12-14,195.89260864257812,197.38570218691584,193.96443748585023,195.80361960949875,66831600
2023-12-15,195.35867309570312,196.1793699091571,194.79504567055722,195.3191123528845,128538400
2023-12-18,193.69744873046875,194.42917151631295,192.214237877434,193.89520715993984,55751900
2023-12-19,194.73573303222656,194.74561567460933,193.6974822378966,193.964464462268,40714100
2023-12-20,192.64930725097656,195.46739869863922,192.64930725097656,194.69613029502625,52242800
2023-12-21,192.50100708007812,194.8741537657828,191.33422165280876,193.9051267903215,46482500
2023-12-22,191.43312072753906,193.22285972664613,190.8101672306993,192.99542315884526,37149600
2023-12-26,190.8892822265625,191.71987686773375,190.67174337939798,191.44301198734334,28919300
2023-12-27,190.98812866210938,191.33421726083122,188.95118798803827,190.33552729492325,48087700
2023-12-28,191.41331481933594,192.48122849088116,191.00790021395272,191.96704448132198,34049900
2023-12-29,190.37509155273438,192.22415660179112,189.58404259835586,191.72975289130503,42672100
2024-01-02,183.56216430664062,186.3308274284663,181.83175174149957,185.05525771688224,82488700
2024-01-03,182.187744140625,183.79950485996184,181.37691491631995,182.15808112880916,58414500
2024-01-04,179.8739471435547,181.04073256447913,178.85547678867908,180.1112512492328,71983600
2024-01-05,179.152099609375,180.7144169560074,178.15340966673114,179.95304619735901,62379700
2024-01-08,183.48309326171875,183.52265400582175,179.46853775144191,180.05193047893468,59144500
2024-01-09,183.0677947998047,183.07767744176536,180.68476543102267,181.8614486084712,42841800
2024-01-10,184.10604858398438,184.31368968460146,181.86145160567418,182.28664662503843,46792900
2024-01-11,183.51272583007812,184.9563909902637,181.56477442626638,184.45208965863696,49128400
2024-01-12,183.83908081054688,184.6499101684802,183.11725559073133,183.9775132511691,40477800
2024-01-16,181.57469177246094,182.1976301200088,178.90489995610474,180.12114381484557,65603000
2024-01-17,180.63531494140625,180.8825167727283,178.281963767062,179.24110807963172,47317400
2024-01-18,186.51870727539062,187.0229935165519,183.75004409317066,184.00712853391946,78005800
2024-01-19,189.41595458984375,189.80158889565502,186.70663180624828,187.21091817907703,68903000
2024-01-22,191.71986389160156,193.143748944668,190.1081030206995,190.14766376550878,60133900
2024-01-23,192.9954071044922,193.55903452389106,191.66052626402544,192.83720939883855,42355600
2024-01-24,192.32302856445312,194.18199120084623,192.16481576816378,193.23272951111284,53631300
2024-01-25,191.99667358398438,194.07317453770148,190.9485404677649,193.03492406084294,54822100
2024-01-26,190.2662811279297,192.5800863732271,189.7916578927919,192.09558049769083,44594000
2024-01-29,189.58399963378906,190.04874022336423,187.45807019569023,189.86086444187634,47145600
2024-01-30,185.93531799316406,189.65324309628332,185.37170567810733,188.80286821503816,55859400
2024-01-31,182.3360595703125,185.00585134318092,182.28663127585358,184.94651023142666,55467800
2024-02-01,184.76852416992188,184.857513201702,181.7625567551165,181.93065217781273,64885400
2024-02-02,183.7698516845703,185.23328233515724,177.2437171517322,177.84689023760967,102551700
2024-02-05,185.579345703125,187.1317803970082,183.75994390321247,186.0440863383638,69668800
2024-02-06,187.1812286376953,187.19111127921153,184.67954732588265,184.76853636353553,43490800
2024-02-07,187.29000854492188,188.91165203661865,186.49895962721544,188.50623739169367,53439000
2024-02-08,186.21218872070312,187.41851968576853,185.25304448034683,187.27020463334281,40962000
2024-02-09,186.9745330810547,188.10321111496148,186.13296840440984,186.77650719907678,45155200
2024-02-12,185.2913818359375,186.79629073909567,184.9349564406435,186.54877352312073,41781900
2024-02-13,183.20236206054688,184.360756090923,181.68755769129083,183.92512331150874,56529500
2024-02-14,182.32122802734375,183.68752828939827,180.62821823999963,183.47962222785034,54630500
2024-02-15,182.03411865234375,182.65786706531418,179.5490504680876,181.72719962604296,65434500
2024-02-16,180.49948120117188,183.0142649801448,179.86583763061847,181.59845842120637,49752500
2024-02-20,179.75694274902344,180.6182980286837,178.2124373755958,179.98465441119404,53665600
2024-02-21,180.50941467285156,181.07374623255754,178.8658962581704,180.13318356154335,41371400
2024-02-22,182.53903198242188,183.1231842228548,180.64801151557128,181.65787110291916,52292200
2024-02-23,180.70741271972656,183.20237592421455,180.42028422645075,183.17267506039363,45119700
2024-02-26,179.3609161376953,180.9450175834942,178.85597124394113,180.43019254491847,40867400
2024-02-27,180.81631469726562,182.09349711935678,177.77679547469845,179.30151026553332,54318900
2024-02-28,179.6183319091797,181.30144633523983,178.34114943443706,180.69750358801915,48953900
2024-02-29,178.95498657226562,180.75691955299587,177.74710108364005,179.4698267249393,136682600
2024-03-01,177.8758087158203,178.73716395290236,175.61845249589473,177.76690051629518,73563100
2024-03-04,173.361083984375,175.14319605787904,172.06408093389737,174.40064432483445,81510100
2024-03-05,168.4305419921875,170.33147275577412,167.93550746706842,169.0641855800497,95132400
2024-03-06,167.44046020507812,169.53941670485264,167.00482743895031,169.36119643359416,68587700
2024-03-07,167.32167053222656,169.0344857697736,166.81674075207243,167.47017484778516,71765100
2024-03-08,169.0345001220703,171.97500667784078,167.2622830078253,167.3216847390924,76267000
2024-03-11,171.03440856933594,172.64822576816061,170.3413633360917,171.2225240841993,60139500
2024-03-12,171.50965881347656,172.3017170819102,169.31170429451927,171.43045147590772,59825400
2024-03-13,169.43051147460938,171.4700511814422,169.0641756745517,171.05422401757613,52488700
2024-03-14,171.2819366455078,172.57892461566286,170.34137411890524,171.1928340614332,72913500
2024-03-15,170.9056854248047,170.9056854248047,168.59882311892224,169.47008856862954,121752700
2024-03-18,171.99478149414062,175.94516209588443,171.79677072295308,173.82641511894556,75604200
2024-03-19,174.33135986328125,174.85609525037736,171.31164624406932,172.6086342803731,55215200
2024-03-20,176.8956298828125,176.8956298828125,173.3511809805003,173.97492929704185,53423100
2024-03-21,169.66812133789062,175.72735394947048,169.14338597139206,175.29172116809335,106181300
2024-03-22,170.56910705566406,171.33146450930536,168.37115239719608,170.05426688241553,71160100
2024-03-25,169.15330505371094,170.2324767040703,167.76719930445816,168.87608692531137,54288300
2024-03-26,168.02462768554688,169.71763732680742,167.8959138727621,168.31174106723407,57388400
2024-03-27,171.58885192871094,171.87598039200594,168.42063422483255,168.7176579392829,60273300
2024-03-28,169.77703857421875,170.51959037094832,168.81667037520143,170.0443614510728,65672700
2024-04-01,168.34146118164062,169.54934678777494,167.79692011211174,169.48994505423667,46240500
2024-04-02,167.16326904296875,167.65830361021796,166.55932626663449,167.40089107386055,49329500
2024-04-03,167.9652099609375,168.98497988400436,166.90584392266877,167.11374996517486,47691700
2024-04-04,167.14346313476562,170.21266810452119,167.14346313476562,168.59885072968464,53704400
2024-04-05,167.89590454101562,168.69785802201392,167.27215623034843,167.90579979250484,42104800
2024-04-08,166.77713012695312,167.51968192191484,166.5692240844266,167.3513719945941,37425500
2024-04-09,167.9850311279297,168.3909631058002,166.6781477036779,167.02466284236104,42373800
2024-04-10,166.11378479003906,167.4107728345435,165.45044033625643,167.12365945587084,49709300
2024-04-11,173.30169677734375,173.7175391133101,166.49003132152566,166.66823651643443,91070300
2024-04-12,174.79669189453125,176.5887144383463,172.47993396851362,172.52942533467058,101670900
2024-04-15,170.9750213623047,174.8758957155582,170.78690583147454,173.6185038309996,73531800
2024-04-16,167.69789123535156,172.03438316124112,166.59891404642835,170.0443499195711,73711200
2024-04-17,166.33160400390625,168.95528100035153,166.33160400390625,167.9256158132339,50901200
2024-04-18,165.38111877441406,166.96523521407434,164.8959946340493,166.36129252101995,43122900
2024-04-19,163.3614044189453,164.7474951408098,162.4505426435407,164.55939469854349,68149400
2024-04-22,164.1930694580078,165.5989658830707,163.13370328942287,163.87625517565544,48116400
2024-04-23,165.24252319335938,165.39104261951863,163.28219064755024,163.70792820716713,49537800
2024-04-24,167.34146118164062,167.61867928406764,164.55936979904956,164.8860792640679,48251800
2024-04-25,168.2028350830078,168.9156860278579,166.4801094484109,167.84640961058278,50558300
2024-04-26,167.6186981201172,169.63843239437367,167.49987955768663,168.19293999888993,44838400
2024-04-29,171.77699279785156,174.28186646983917,171.38097119165224,171.64827897757164,68169400
2024-04-30,168.6384735107422,173.2521991943247,168.31174889120035,171.60868084411632,65934800
2024-05-01,167.6186981201172,170.99483730573115,167.43058257791944,167.8959162536964,50383100
2024-05-02,171.31163024902344,171.69775653757537,169.19288328746214,170.79679016186972,94214900
2024-05-03,181.55886840820312,185.14291355827163,180.84601747897057,184.7963833456082,163224100
2024-05-06,179.90545654296875,182.3707188474722,178.62825898838415,180.53910014061182,78569700
2024-05-07,180.58859252929688,183.06376520709566,179.51933122687228,181.6281680754234,77305800
2024-05-08,180.9252166748047,181.25194126160505,179.64801918938014,181.0341248704048,45057100
2024-05-09,182.73707580566406,182.8261784061232,180.30149897565002,180.74702708520252,48983000
2024-05-10,181.47796630859375,183.50044009541958,180.56586910059414,183.31206939842306,50759500
2024-05-13,184.6802215576172,185.49318663872077,183.0344740478803,183.84743912898392,72044800
2024-05-14,185.82032775878906,186.68286641073877,184.69011878206607,185.89964252722956,52393600
2024-05-15,188.09068298339844,189.01268886802714,185.76085876781028,186.2962297111884,70400000
2024-05-16,188.20962524414062,189.45881387860598,188.03117836935675,188.83421956137332,52845200
2024-05-17,188.23936462402344,189.17129419091543,187.55528802161362,187.88245575005936,41282900
2024-05-20,189.39930725097656,190.27175449259957,187.38674246856843,187.70400151197455,44361300
2024-05-21,190.69808959960938,191.07481584379752,189.28036268210627,189.44890089382775,42309400
2024-05-22,189.26052856445312,191.16405275409193,188.63594934473116,190.61877317517173,34648500
2024-05-23,185.27505493164062,189.35966699130785,185.0272019643745,189.33983451815809,51005900
2024-05-24,188.34841918945312,188.94327235106317,186.4250777783575,187.19839293954828,36327000
2024-05-28,188.35836791992188,191.3425125399711,187.4760118609873,189.86530324069457,52280100
2024-05-29,188.65576171875,190.5989356775744,187.88246165547932,187.98160889548626,53068000
2024-05-30,189.64715576171875,190.52951165486797,188.99283547357805,189.12170872016605,49889100
2024-05-31,190.5989532470703,190.9162123421418,188.27905284340878,189.7959119633218,75158300
2024-06-03,192.36367797851562,193.31544019840626,190.86665123579675,191.24337752621932,50080500
2024-06-04,192.680908203125,193.64257895328527,191.37223723797064,192.96841099700254,47471400
2024-06-05,194.1878662109375,195.20901937445223,193.19645419760306,193.72190135445058,54156800
2024-06-06,192.8097686767578,194.8124248113502,192.50243342955554,194.0093836485974,41181800
2024-06-07,195.19908142089844,195.2486550396786,192.4726987931798,192.9783133981505,53103900
2024-06-10,191.4614715576172,195.60558138834554,190.49980075281104,195.20900753042525,97010200
2024-06-11,205.3709716796875,205.38089548057218,191.96709351098235,191.98691085726122,172373300
2024-06-12,211.24014282226562,218.30889945026047,205.1231180281253,205.58908283581826,198134300
2024-06-13,212.40008544921875,214.88852380834695,209.782758705521,212.8957913864929,97862700
2024-06-14,210.6651153564453,213.32209192759066,209.48533280144244,212.01343611534222,70122700
2024-06-17,214.80921936035156,217.06963733267014,210.8931452933454,211.5375569916551,93728300
2024-06-18,212.44967651367188,216.75241620599633,211.17076165562816,215.72133922684367,79943300
2024-06-20,207.87925720214844,212.40010854906527,207.0563985691976,212.09275812722348,86172500
2024-06-21,205.70806884765625,210.07027533194446,205.33132746963062,208.58315742215362,241805100
2024-06-24,206.35247802734375,210.87331399723786,204.8157865138524,205.93608683303725,80727000
2024-06-25,207.2744903564453,209.56464939365068,206.8184342324815,207.35378999494392,55549700
2024-06-26,211.4185791015625,213.01475280094434,208.83099354238436,209.68360834691896,66213200
2024-06-27,212.26129150390625,213.88720639689362,210.52632069800987,212.84622088780682,49772700
2024-06-28,208.81117248535156,214.21437951883613,208.4939285392998,213.91695291908772,82542700
2024-07-01,214.88851928710938,215.6419868499251,210.09999821846176,210.2685364182596,60402900
2024-07-02,218.37831115722656,218.4873670751859,213.25271326862932,214.2936836981781,58046200
2024-07-03,219.6473388671875,219.6473388671875,217.14897630904898,218.1106471909744,37369800
2024-07-05,224.3961944580078,224.50525038603786,219.74646963306245,219.74646963306245,60412400
2024-07-08,225.86346435546875,225.89320550199054,221.3327047505454,225.13972278278513,59085900
2024-07-09,226.71607971191406,227.42989753320916,224.4259205051531,225.97252074204383,48076100
2024-07-10,230.97915649414062,231.0783037422216,227.28119408246098,227.3307677065015,62627700
2024-07-11,225.61561584472656,230.39421338925845,223.83107137940016,229.40280147827102,64710600
2024-07-12,228.56008911132812,230.64206011910093,226.71606240173486,226.9540066999144,53046500
2024-07-15,232.386962890625,235.1926606193721,231.0882156126273,234.44910163171727,62631300
2024-07-16,232.80335998535156,234.24090427881208,230.33473879844306,232.98180687397965,43234300
2024-07-17,226.9143829345703,229.47222770464353,224.6936146131452,227.4794799069808,57345900
2024-07-18,222.25474548339844,228.46099458072425,220.36115997030524,228.30236502251043,66034600
2024-07-19,222.3836212158203,224.85224251867803,221.36246807560826,222.88925101284036,49151500
2024-07-22,222.03662109375,225.82380677595344,221.174082433242,225.06041535891617,48201800
2024-07-23,223.0775909423828,224.9910238167192,220.76759935066607,222.44308791792702,39960300
2024-07-24,216.6631622314453,222.86941075843336,215.26528287042115,222.07627816799848,61777600
2024-07-25,215.62217712402344,218.95332167523742,212.77681471652627,217.0497975364767,51391200
2024-07-26,216.08815002441406,217.6050090608147,214.15488466672127,216.8217851678197,41601300
2024-07-29,216.36575317382812,217.41664743865044,213.8971319294418,215.09674706599597,36311800
2024-07-30,216.92092895507812,218.43778796730905,214.2639371695869,217.3075789949067,41643800
2024-07-31,220.17276000976562,221.89782218872546,218.7352157578384,219.53825698895486,50036300
2024-08-01,216.48475646972656,222.55219395295143,215.15626782680783,222.4431380119507,62501000
2024-08-02,217.97181701660156,223.6625266661827,215.8402875210575,217.26790792406092,105568600
2024-08-05,207.4727783203125,211.66644653820467,194.31673780556494,197.38019703112641,119548600
2024-08-06,205.4502716064453,208.18657796978488,199.3431861620261,203.53685401433648,69660500
2024-08-07,208.01806640625,211.80525225793107,204.61751548926864,205.12313014700663,63516400
2024-08-08,211.4780731201172,212.36042911915672,207.03655197769595,211.27979376271134,47161100
2024-08-09,214.38291931152344,214.91827509282652,210.1495861717322,210.2784745623819,42201600
2024-08-12,215.9114532470703,217.8767166928247,213.99582080224636,214.46232494953352,38028100
2024-08-13,219.6236572265625,220.2390393048837,217.380462936734,217.380462936734,44155300
2024-08-14,220.07028198242188,221.37053243582614,218.06530765715263,218.9288446755302,41960600
2024-08-15,223.0479736328125,223.67329096872731,221.10255033510867,222.9288713384501,46414000
2024-08-16,224.36807250976562,225.14226768918678,221.98592068094572,222.25391598005478,44340200
2024-08-19,224.20925903320312,224.30852103873067,221.38045847347976,224.0405257400108,40687800
2024-08-20,224.8246307373047,225.4797235950926,223.77252016614798,224.09014645304697,30299000
2024-08-21,224.71546936035156,226.28371522001356,223.37552309496598,224.8345868015738,34765500
2024-08-22,222.85939025878906,226.64103964823346,222.23407290784718,226.09512887719345,43695300
2024-08-23,225.15219116210938,226.52192810531062,222.66087229355688,223.98097823318813,38677300
2024-08-26,225.48965454101562,225.58891654674125,222.22414052811973,225.0727813784282,30602200
2024-08-27,226.33335876464844,227.147264886192,223.21672230373292,224.31846403822652,35934600
2024-08-28,224.80479431152344,228.14971479709,224.0008084384826,226.22414704916858,38052200
2024-08-29,228.08023071289062,231.18694665641485,227.17701311839377,228.38793686624163,51906300
2024-08-30,227.29612731933594,228.68570457235603,225.78743262658827,228.4772755570311,52990800
2024-09-03,221.11248779296875,227.2961293418145,219.52438650802387,226.84948058831634,50190600
2024-09-04,219.206787109375,220.12986023982222,215.86185105944423,220.01075793789536,43840200
2024-09-05,220.72537231445312,223.80229748015876,219.87177059333374,219.9809527371486,36615400
2024-09-06,219.17698669433594,223.56409767944487,218.13479623481732,222.28368749781316,48423000
2024-09-09,219.26632690429688,219.6236489368284,215.09757995493325,219.17700018247805,67180000
2024-09-10,218.47227478027344,219.83207646515766,215.1174187834135,217.29112653781655,51591000
2024-09-11,221.0032958984375,221.43008920211523,216.26878297144034,219.81222755985956,44587100
2024-09-12,221.11248779296875,221.8866830044339,218.1844402475294,220.84449248276735,37455600
2024-09-13,220.84446716308594,222.3730019797634,220.25886075018875,221.91643313573508,36766600
2024-09-16,214.71047973632812,215.60377723416104,212.32832783334672,214.92882889414335,59357400
2024-09-17,215.1769561767578,215.2861383219032,212.90400170360138,214.14470101422842,45519300
2024-09-18,219.04795837402344,221.05293280374121,215.92138686335736,215.9313221513165,59894900
2024-09-19,227.16709899902344,228.11004268622213,222.95865620671253,223.31597824995185,66781300
2024-09-20,226.5020751953125,231.3556905514529,225.92638886705737,228.2589097535001,318679900
2024-09-23,224.78497314453125,227.74279650292337,224.1298801756485,225.64849514744006,54146000
2024-09-24,225.67825317382812,227.64353192764617,224.05045616714196,226.94872814757065,43556100
2024-09-25,224.68568420410156,225.59883710649478,222.35317851779175,223.2563961324406,42308700
2024-09-26,225.8271484375,226.79985253593196,223.73284722402752,225.608784129346,36636700
2024-09-27,226.09510803222656,227.81224676693589,225.60876359989413,226.76013618443497,34026000
2024-09-30,231.266357421875,231.266357421875,227.9412771261621,228.3283747151782,54541900
2024-10-01,224.52687072753906,227.94126237482303,222.07524777401002,227.81223995033787,63285000
2024-10-02,225.09263610839844,225.67824256269316,221.360617941662,224.20925878310885,32880600
2024-10-03,223.9908905029297,225.12240767637772,221.65838486968212,223.46483520314058,34044200
2024-10-04,225.11248779296875,226.3035561118749,222.46235586119454,226.20429410810965,37245100
2024-10-07,220.04052734375,224.01076551273388,219.68320530273118,222.8296172342201,39505400
2024-10-08,224.09017944335938,224.29860847272343,221.58892507419034,222.6311156567822,31855700
2024-10-09,227.83209228515625,228.0405364361267,223.15714569962594,223.55416342639623,33591100
2024-10-10,227.3358154296875,227.7923994519787,225.47973405841245,226.0851959438118,28183500
2024-10-11,225.85693359375,227.70309500312143,225.64848941975737,227.5939128444124,31759200
2024-10-14,229.5790252685547,230.00581860221664,226.89911753216435,226.99836439928595,39882100
2024-10-15,232.1100311279297,235.72294688412148,230.64103225198252,231.87181141001133,64751400
2024-10-16,230.05543518066406,230.3929017691756,228.12986736523644,229.87678174389526,34082200
2024-10-17,230.42266845703125,232.1100316250369,228.80480686495974,231.69314333147315,32993800
2024-10-18,233.25146484375,234.42267769537074,232.2688255608399,234.42267769537074,46431500
2024-10-21,234.720458984375,235.08771628667242,232.7055644739604,232.7055644739604,36254500
2024-10-22,234.10508728027344,234.4624093106695,230.86934872103873,232.14974382855843,38846600
2024-10-23,229.0430145263672,233.3904297884605,226.06533615950997,232.33831918874512,52287000
2024-10-24,228.8544464111328,229.10258628095696,226.71051430099084,228.26882480795348,31109500
2024-10-25,229.68820190429688,231.484732210271,227.86189602437614,228.03062932515897,38802300
2024-10-28,231.6634063720703,232.9835124677023,230.81973979270543,231.58401493128346,36087100
2024-10-29,231.93138122558594,232.5864741436605,230.59143496071306,231.36563017470797,35417200
2024-10-30,228.38796997070312,231.7328909755265,227.8420591617649,230.87928911389335,47070900
2024-10-31,224.22911071777344,228.11994197442104,223.693120129287,227.63358238786932,64370100
2024-11-01,221.25143432617188,223.67328184782377,218.6310779402587,219.32586653780092,65276700
2024-11-04,220.35812377929688,221.13231895883285,218.0752491010658,219.34572401852256,44944500
2024-11-05,221.78741455078125,222.28369429475046,219.49460455688452,220.14969745378525,28111300
2024-11-06,221.0628662109375,224.3879467919736,219.54425129715867,220.95368405362794,54561100
2024-11-07,225.7874298095703,226.18446269494834,222.89909318788202,222.95864433437472,42137700
2024-11-08,225.51914978027344,227.20835428792034,224.9726384261151,225.72780810336752,38328800
2024-11-11,222.8064727783203,224.26714170400084,220.0938084143074,223.57158868270503,42005600
2024-11-12,222.8064727783203,224.15783943194586,221.9420008205612,223.12444853772337,40398300
2024-11-13,223.69082641601562,225.2111120360391,221.34580821096,222.58787261698694,48566200
2024-11-14,226.7711639404297,227.41703140021204,223.57160465201176,223.59148192887395,44923900
2024-11-15,223.57159423828125,225.47940335635096,222.8462328667566,224.96270031544069,47923700
2024-11-18,226.57241821289062,228.28149999782985,223.74050538640262,223.8199993254601,44633700
2024-11-19,226.8307647705078,228.6988344551977,225.22105418122663,225.53901477922054,36211800
2024-11-20,227.5461883544922,228.47027695087482,224.45593165289552,226.61215353970658,35169600
2024-11-21,227.06924438476562,228.69883223369175,224.2770861035494,227.42695953023323,42108300
2024-11-22,228.41065979003906,229.25526960886552,226.6121530455377,226.6121530455377,38168300
2024-11-25,231.39161682128906,231.7692092379923,228.28149797848934,229.99057974831032,90152800
2024-11-26,233.56771850585938,234.07449047305911,231.84870566104107,231.84870566104107,45986200
2024-11-27,233.43853759765625,234.1937224347506,232.32565277909848,232.9814664022851,33498400
2024-11-29,235.8233184814453,236.3002669685808,232.48464874765904,233.31931239062584,28481400
2024-12-02,238.06893920898438,239.26131787624368,235.65437354492806,235.76367580720535,48137100
2024-12-03,241.10952758789062,241.21882985808793,237.3833345065081,238.28756099978403,38861000
2024-12-04,241.46725463867188,242.56027739454964,239.7184333911867,241.32814402991647,44383900
2024-12-05,241.49705505371094,242.98753231090083,240.59284370740727,242.4410361127995,40033900
2024-12-06,241.29832458496094,243.0769692456264,240.5431549096241,241.36788746709487,36870600
2024-12-09,245.1835174560547,245.67041216886827,240.21525975684386,240.29475369946152,44649200
2024-12-10,246.197021484375,246.63423054379348,243.78244060146582,245.32260336553807,36914800
2024-12-11,244.92515563964844,249.2077910379196,244.69660488558225,246.38582450957213,45205800
2024-12-12,246.3858184814453,247.1608653940442,244.1202792424049,245.32260415969785,32777500
2024-12-13,246.5547637939453,247.7073880681415,244.676762972136,246.24673423955153,33155300
2024-12-16,249.44627380371094,249.7841268474892,246.07779571830554,246.4156487620838,51694800
2024-12-17,251.87078857421875,252.2185726786221,248.19428090188288,248.49237939681157,51356400
2024-12-18,246.4752655029297,252.6657103008961,246.1672359539693,250.55917390522964,56774100
2024-12-19,248.20420837402344,250.4001849209636,245.52135228225407,245.92875304737495,60882300
2024-12-20,252.87437438964844,253.38113119374523,244.13023820234332,246.46531011815415,147495300
2024-12-23,253.64942932128906,254.02700659111463,251.84097626600598,253.15260355822258,40858800
2024-12-24,256.56085205078125,256.5707679464462,253.6693071300515,253.86804957710976,23234700
2024-12-26,257.3755798339844,258.44874034869076,255.99442012888886,256.55086249805703,27237100
2024-12-27,253.9673614501953,257.0576331183779,251.45342458389948,256.1931309155478,42355300
2024-12-30,250.59890747070312,251.890657464443,249.15811581542044,250.6287158030117,35557500
2024-12-31,248.83021545410156,251.6720594492945,247.84649497663966,250.83739579916153,39480700
